split,record,ground_png,sensor_png,mask_png,target_png
train,UnscaledAccRecord893554_1001_1100_RSN1002,dataset_rgb\train\ground\UnscaledAccRecord893554_1001_1100_RSN1002.png,dataset_rgb\train\sensor\UnscaledAccRecord893554_1001_1100_RSN1002.png,dataset_rgb\train\mask\UnscaledAccRecord893554_1001_1100_RSN1002.png,dataset_rgb\train\target\UnscaledAccRecord893554_1001_1100_RSN1002.png
train,UnscaledAccRecord893554_1001_1100_RSN1003,dataset_rgb\train\ground\UnscaledAccRecord893554_1001_1100_RSN1003.png,dataset_rgb\train\sensor\UnscaledAccRecord893554_1001_1100_RSN1003.png,dataset_rgb\train\mask\UnscaledAccRecord893554_1001_1100_RSN1003.png,dataset_rgb\train\target\UnscaledAccRecord893554_1001_1100_RSN1003.png
train,UnscaledAccRecord893554_1001_1100_RSN1006,dataset_rgb\train\ground\UnscaledAccRecord893554_1001_1100_RSN1006.png,dataset_rgb\train\sensor\UnscaledAccRecord893554_1001_1100_RSN1006.png,dataset_rgb\train\mask\UnscaledAccRecord893554_1001_1100_RSN1006.png,dataset_rgb\train\target\UnscaledAccRecord893554_1001_1100_RSN1006.png
train,UnscaledAccRecord893554_1001_1100_RSN1007,dataset_rgb\train\ground\UnscaledAccRecord893554_1001_1100_RSN1007.png,dataset_rgb\train\sensor\UnscaledAccRecord893554_1001_1100_RSN1007.png,dataset_rgb\train\mask\UnscaledAccRecord893554_1001_1100_RSN1007.png,dataset_rgb\train\target\UnscaledAccRecord893554_1001_1100_RSN1007.png
train,UnscaledAccRecord893554_1001_1100_RSN1008,dataset_rgb\train\ground\UnscaledAccRecord893554_1001_1100_RSN1008.png,dataset_rgb\train\sensor\UnscaledAccRecord893554_1001_1100_RSN1008.png,dataset_rgb\train\mask\UnscaledAccRecord893554_1001_1100_RSN1008.png,dataset_rgb\train\target\UnscaledAccRecord893554_1001_1100_RSN1008.png
train,UnscaledAccRecord893554_1001_1100_RSN1011,dataset_rgb\train\ground\UnscaledAccRecord893554_1001_1100_RSN1011.png,dataset_rgb\train\sensor\UnscaledAccRecord893554_1001_1100_RSN1011.png,dataset_rgb\train\mask\UnscaledAccRecord893554_1001_1100_RSN1011.png,dataset_rgb\train\target\UnscaledAccRecord893554_1001_1100_RSN1011.png
train,UnscaledAccRecord893554_1001_1100_RSN1012,dataset_rgb\train\ground\UnscaledAccRecord893554_1001_1100_RSN1012.png,dataset_rgb\train\sensor\UnscaledAccRecord893554_1001_1100_RSN1012.png,dataset_rgb\train\mask\UnscaledAccRecord893554_1001_1100_RSN1012.png,dataset_rgb\train\target\UnscaledAccRecord893554_1001_1100_RSN1012.png
train,UnscaledAccRecord893554_1001_1100_RSN1013,dataset_rgb\train\ground\UnscaledAccRecord893554_1001_1100_RSN1013.png,dataset_rgb\train\sensor\UnscaledAccRecord893554_1001_1100_RSN1013.png,dataset_rgb\train\mask\UnscaledAccRecord893554_1001_1100_RSN1013.png,dataset_rgb\train\target\UnscaledAccRecord893554_1001_1100_RSN1013.png
train,UnscaledAccRecord893554_1001_1100_RSN1014,dataset_rgb\train\ground\UnscaledAccRecord893554_1001_1100_RSN1014.png,dataset_rgb\train\sensor\UnscaledAccRecord893554_1001_1100_RSN1014.png,dataset_rgb\train\mask\UnscaledAccRecord893554_1001_1100_RSN1014.png,dataset_rgb\train\target\UnscaledAccRecord893554_1001_1100_RSN1014.png
train,UnscaledAccRecord893554_1001_1100_RSN1015,dataset_rgb\train\ground\UnscaledAccRecord893554_1001_1100_RSN1015.png,dataset_rgb\train\sensor\UnscaledAccRecord893554_1001_1100_RSN1015.png,dataset_rgb\train\mask\UnscaledAccRecord893554_1001_1100_RSN1015.png,dataset_rgb\train\target\UnscaledAccRecord893554_1001_1100_RSN1015.png
train,UnscaledAccRecord893554_1001_1100_RSN1016,dataset_rgb\train\ground\UnscaledAccRecord893554_1001_1100_RSN1016.png,dataset_rgb\train\sensor\UnscaledAccRecord893554_1001_1100_RSN1016.png,dataset_rgb\train\mask\UnscaledAccRecord893554_1001_1100_RSN1016.png,dataset_rgb\train\target\UnscaledAccRecord893554_1001_1100_RSN1016.png
train,UnscaledAccRecord893554_1001_1100_RSN1017,dataset_rgb\train\ground\UnscaledAccRecord893554_1001_1100_RSN1017.png,dataset_rgb\train\sensor\UnscaledAccRecord893554_1001_1100_RSN1017.png,dataset_rgb\train\mask\UnscaledAccRecord893554_1001_1100_RSN1017.png,dataset_rgb\train\target\UnscaledAccRecord893554_1001_1100_RSN1017.png
train,UnscaledAccRecord893554_1001_1100_RSN1019,dataset_rgb\train\ground\UnscaledAccRecord893554_1001_1100_RSN1019.png,dataset_rgb\train\sensor\UnscaledAccRecord893554_1001_1100_RSN1019.png,dataset_rgb\train\mask\UnscaledAccRecord893554_1001_1100_RSN1019.png,dataset_rgb\train\target\UnscaledAccRecord893554_1001_1100_RSN1019.png
train,UnscaledAccRecord893554_1001_1100_RSN1020,dataset_rgb\train\ground\UnscaledAccRecord893554_1001_1100_RSN1020.png,dataset_rgb\train\sensor\UnscaledAccRecord893554_1001_1100_RSN1020.png,dataset_rgb\train\mask\UnscaledAccRecord893554_1001_1100_RSN1020.png,dataset_rgb\train\target\UnscaledAccRecord893554_1001_1100_RSN1020.png
train,UnscaledAccRecord893554_1001_1100_RSN1021,dataset_rgb\train\ground\UnscaledAccRecord893554_1001_1100_RSN1021.png,dataset_rgb\train\sensor\UnscaledAccRecord893554_1001_1100_RSN1021.png,dataset_rgb\train\mask\UnscaledAccRecord893554_1001_1100_RSN1021.png,dataset_rgb\train\target\UnscaledAccRecord893554_1001_1100_RSN1021.png
train,UnscaledAccRecord893554_1001_1100_RSN1022,dataset_rgb\train\ground\UnscaledAccRecord893554_1001_1100_RSN1022.png,dataset_rgb\train\sensor\UnscaledAccRecord893554_1001_1100_RSN1022.png,dataset_rgb\train\mask\UnscaledAccRecord893554_1001_1100_RSN1022.png,dataset_rgb\train\target\UnscaledAccRecord893554_1001_1100_RSN1022.png
train,UnscaledAccRecord893554_1001_1100_RSN1024,dataset_rgb\train\ground\UnscaledAccRecord893554_1001_1100_RSN1024.png,dataset_rgb\train\sensor\UnscaledAccRecord893554_1001_1100_RSN1024.png,dataset_rgb\train\mask\UnscaledAccRecord893554_1001_1100_RSN1024.png,dataset_rgb\train\target\UnscaledAccRecord893554_1001_1100_RSN1024.png
train,UnscaledAccRecord893554_1001_1100_RSN1026,dataset_rgb\train\ground\UnscaledAccRecord893554_1001_1100_RSN1026.png,dataset_rgb\train\sensor\UnscaledAccRecord893554_1001_1100_RSN1026.png,dataset_rgb\train\mask\UnscaledAccRecord893554_1001_1100_RSN1026.png,dataset_rgb\train\target\UnscaledAccRecord893554_1001_1100_RSN1026.png
train,UnscaledAccRecord893554_1001_1100_RSN1027,dataset_rgb\train\ground\UnscaledAccRecord893554_1001_1100_RSN1027.png,dataset_rgb\train\sensor\UnscaledAccRecord893554_1001_1100_RSN1027.png,dataset_rgb\train\mask\UnscaledAccRecord893554_1001_1100_RSN1027.png,dataset_rgb\train\target\UnscaledAccRecord893554_1001_1100_RSN1027.png
train,UnscaledAccRecord893554_1001_1100_RSN1029,dataset_rgb\train\ground\UnscaledAccRecord893554_1001_1100_RSN1029.png,dataset_rgb\train\sensor\UnscaledAccRecord893554_1001_1100_RSN1029.png,dataset_rgb\train\mask\UnscaledAccRecord893554_1001_1100_RSN1029.png,dataset_rgb\train\target\UnscaledAccRecord893554_1001_1100_RSN1029.png
train,UnscaledAccRecord893554_1001_1100_RSN1030,dataset_rgb\train\ground\UnscaledAccRecord893554_1001_1100_RSN1030.png,dataset_rgb\train\sensor\UnscaledAccRecord893554_1001_1100_RSN1030.png,dataset_rgb\train\mask\UnscaledAccRecord893554_1001_1100_RSN1030.png,dataset_rgb\train\target\UnscaledAccRecord893554_1001_1100_RSN1030.png
train,UnscaledAccRecord893554_1001_1100_RSN1031,dataset_rgb\train\ground\UnscaledAccRecord893554_1001_1100_RSN1031.png,dataset_rgb\train\sensor\UnscaledAccRecord893554_1001_1100_RSN1031.png,dataset_rgb\train\mask\UnscaledAccRecord893554_1001_1100_RSN1031.png,dataset_rgb\train\target\UnscaledAccRecord893554_1001_1100_RSN1031.png
train,UnscaledAccRecord893554_1001_1100_RSN1032,dataset_rgb\train\ground\UnscaledAccRecord893554_1001_1100_RSN1032.png,dataset_rgb\train\sensor\UnscaledAccRecord893554_1001_1100_RSN1032.png,dataset_rgb\train\mask\UnscaledAccRecord893554_1001_1100_RSN1032.png,dataset_rgb\train\target\UnscaledAccRecord893554_1001_1100_RSN1032.png
train,UnscaledAccRecord893554_1001_1100_RSN1033,dataset_rgb\train\ground\UnscaledAccRecord893554_1001_1100_RSN1033.png,dataset_rgb\train\sensor\UnscaledAccRecord893554_1001_1100_RSN1033.png,dataset_rgb\train\mask\UnscaledAccRecord893554_1001_1100_RSN1033.png,dataset_rgb\train\target\UnscaledAccRecord893554_1001_1100_RSN1033.png
train,UnscaledAccRecord893554_1001_1100_RSN1034,dataset_rgb\train\ground\UnscaledAccRecord893554_1001_1100_RSN1034.png,dataset_rgb\train\sensor\UnscaledAccRecord893554_1001_1100_RSN1034.png,dataset_rgb\train\mask\UnscaledAccRecord893554_1001_1100_RSN1034.png,dataset_rgb\train\target\UnscaledAccRecord893554_1001_1100_RSN1034.png
train,UnscaledAccRecord893554_1001_1100_RSN1035,dataset_rgb\train\ground\UnscaledAccRecord893554_1001_1100_RSN1035.png,dataset_rgb\train\sensor\UnscaledAccRecord893554_1001_1100_RSN1035.png,dataset_rgb\train\mask\UnscaledAccRecord893554_1001_1100_RSN1035.png,dataset_rgb\train\target\UnscaledAccRecord893554_1001_1100_RSN1035.png
train,UnscaledAccRecord893554_1001_1100_RSN1036,dataset_rgb\train\ground\UnscaledAccRecord893554_1001_1100_RSN1036.png,dataset_rgb\train\sensor\UnscaledAccRecord893554_1001_1100_RSN1036.png,dataset_rgb\train\mask\UnscaledAccRecord893554_1001_1100_RSN1036.png,dataset_rgb\train\target\UnscaledAccRecord893554_1001_1100_RSN1036.png
train,UnscaledAccRecord893554_1001_1100_RSN1037,dataset_rgb\train\ground\UnscaledAccRecord893554_1001_1100_RSN1037.png,dataset_rgb\train\sensor\UnscaledAccRecord893554_1001_1100_RSN1037.png,dataset_rgb\train\mask\UnscaledAccRecord893554_1001_1100_RSN1037.png,dataset_rgb\train\target\UnscaledAccRecord893554_1001_1100_RSN1037.png
train,UnscaledAccRecord893554_1001_1100_RSN1038,dataset_rgb\train\ground\UnscaledAccRecord893554_1001_1100_RSN1038.png,dataset_rgb\train\sensor\UnscaledAccRecord893554_1001_1100_RSN1038.png,dataset_rgb\train\mask\UnscaledAccRecord893554_1001_1100_RSN1038.png,dataset_rgb\train\target\UnscaledAccRecord893554_1001_1100_RSN1038.png
train,UnscaledAccRecord893554_1001_1100_RSN1039,dataset_rgb\train\ground\UnscaledAccRecord893554_1001_1100_RSN1039.png,dataset_rgb\train\sensor\UnscaledAccRecord893554_1001_1100_RSN1039.png,dataset_rgb\train\mask\UnscaledAccRecord893554_1001_1100_RSN1039.png,dataset_rgb\train\target\UnscaledAccRecord893554_1001_1100_RSN1039.png
train,UnscaledAccRecord893554_1001_1100_RSN1040,dataset_rgb\train\ground\UnscaledAccRecord893554_1001_1100_RSN1040.png,dataset_rgb\train\sensor\UnscaledAccRecord893554_1001_1100_RSN1040.png,dataset_rgb\train\mask\UnscaledAccRecord893554_1001_1100_RSN1040.png,dataset_rgb\train\target\UnscaledAccRecord893554_1001_1100_RSN1040.png
train,UnscaledAccRecord893554_1001_1100_RSN1042,dataset_rgb\train\ground\UnscaledAccRecord893554_1001_1100_RSN1042.png,dataset_rgb\train\sensor\UnscaledAccRecord893554_1001_1100_RSN1042.png,dataset_rgb\train\mask\UnscaledAccRecord893554_1001_1100_RSN1042.png,dataset_rgb\train\target\UnscaledAccRecord893554_1001_1100_RSN1042.png
train,UnscaledAccRecord893554_1001_1100_RSN1044,dataset_rgb\train\ground\UnscaledAccRecord893554_1001_1100_RSN1044.png,dataset_rgb\train\sensor\UnscaledAccRecord893554_1001_1100_RSN1044.png,dataset_rgb\train\mask\UnscaledAccRecord893554_1001_1100_RSN1044.png,dataset_rgb\train\target\UnscaledAccRecord893554_1001_1100_RSN1044.png
train,UnscaledAccRecord893554_1001_1100_RSN1046,dataset_rgb\train\ground\UnscaledAccRecord893554_1001_1100_RSN1046.png,dataset_rgb\train\sensor\UnscaledAccRecord893554_1001_1100_RSN1046.png,dataset_rgb\train\mask\UnscaledAccRecord893554_1001_1100_RSN1046.png,dataset_rgb\train\target\UnscaledAccRecord893554_1001_1100_RSN1046.png
train,UnscaledAccRecord893554_1001_1100_RSN1047,dataset_rgb\train\ground\UnscaledAccRecord893554_1001_1100_RSN1047.png,dataset_rgb\train\sensor\UnscaledAccRecord893554_1001_1100_RSN1047.png,dataset_rgb\train\mask\UnscaledAccRecord893554_1001_1100_RSN1047.png,dataset_rgb\train\target\UnscaledAccRecord893554_1001_1100_RSN1047.png
train,UnscaledAccRecord893554_1001_1100_RSN1049,dataset_rgb\train\ground\UnscaledAccRecord893554_1001_1100_RSN1049.png,dataset_rgb\train\sensor\UnscaledAccRecord893554_1001_1100_RSN1049.png,dataset_rgb\train\mask\UnscaledAccRecord893554_1001_1100_RSN1049.png,dataset_rgb\train\target\UnscaledAccRecord893554_1001_1100_RSN1049.png
train,UnscaledAccRecord893554_1001_1100_RSN1050,dataset_rgb\train\ground\UnscaledAccRecord893554_1001_1100_RSN1050.png,dataset_rgb\train\sensor\UnscaledAccRecord893554_1001_1100_RSN1050.png,dataset_rgb\train\mask\UnscaledAccRecord893554_1001_1100_RSN1050.png,dataset_rgb\train\target\UnscaledAccRecord893554_1001_1100_RSN1050.png
train,UnscaledAccRecord893554_1001_1100_RSN1051,dataset_rgb\train\ground\UnscaledAccRecord893554_1001_1100_RSN1051.png,dataset_rgb\train\sensor\UnscaledAccRecord893554_1001_1100_RSN1051.png,dataset_rgb\train\mask\UnscaledAccRecord893554_1001_1100_RSN1051.png,dataset_rgb\train\target\UnscaledAccRecord893554_1001_1100_RSN1051.png
train,UnscaledAccRecord893554_1001_1100_RSN1052,dataset_rgb\train\ground\UnscaledAccRecord893554_1001_1100_RSN1052.png,dataset_rgb\train\sensor\UnscaledAccRecord893554_1001_1100_RSN1052.png,dataset_rgb\train\mask\UnscaledAccRecord893554_1001_1100_RSN1052.png,dataset_rgb\train\target\UnscaledAccRecord893554_1001_1100_RSN1052.png
train,UnscaledAccRecord893554_1001_1100_RSN1053,dataset_rgb\train\ground\UnscaledAccRecord893554_1001_1100_RSN1053.png,dataset_rgb\train\sensor\UnscaledAccRecord893554_1001_1100_RSN1053.png,dataset_rgb\train\mask\UnscaledAccRecord893554_1001_1100_RSN1053.png,dataset_rgb\train\target\UnscaledAccRecord893554_1001_1100_RSN1053.png
train,UnscaledAccRecord893554_1001_1100_RSN1054,dataset_rgb\train\ground\UnscaledAccRecord893554_1001_1100_RSN1054.png,dataset_rgb\train\sensor\UnscaledAccRecord893554_1001_1100_RSN1054.png,dataset_rgb\train\mask\UnscaledAccRecord893554_1001_1100_RSN1054.png,dataset_rgb\train\target\UnscaledAccRecord893554_1001_1100_RSN1054.png
train,UnscaledAccRecord893554_1001_1100_RSN1056,dataset_rgb\train\ground\UnscaledAccRecord893554_1001_1100_RSN1056.png,dataset_rgb\train\sensor\UnscaledAccRecord893554_1001_1100_RSN1056.png,dataset_rgb\train\mask\UnscaledAccRecord893554_1001_1100_RSN1056.png,dataset_rgb\train\target\UnscaledAccRecord893554_1001_1100_RSN1056.png
train,UnscaledAccRecord893554_1001_1100_RSN1059,dataset_rgb\train\ground\UnscaledAccRecord893554_1001_1100_RSN1059.png,dataset_rgb\train\sensor\UnscaledAccRecord893554_1001_1100_RSN1059.png,dataset_rgb\train\mask\UnscaledAccRecord893554_1001_1100_RSN1059.png,dataset_rgb\train\target\UnscaledAccRecord893554_1001_1100_RSN1059.png
train,UnscaledAccRecord893554_1001_1100_RSN1060,dataset_rgb\train\ground\UnscaledAccRecord893554_1001_1100_RSN1060.png,dataset_rgb\train\sensor\UnscaledAccRecord893554_1001_1100_RSN1060.png,dataset_rgb\train\mask\UnscaledAccRecord893554_1001_1100_RSN1060.png,dataset_rgb\train\target\UnscaledAccRecord893554_1001_1100_RSN1060.png
train,UnscaledAccRecord893554_1001_1100_RSN1061,dataset_rgb\train\ground\UnscaledAccRecord893554_1001_1100_RSN1061.png,dataset_rgb\train\sensor\UnscaledAccRecord893554_1001_1100_RSN1061.png,dataset_rgb\train\mask\UnscaledAccRecord893554_1001_1100_RSN1061.png,dataset_rgb\train\target\UnscaledAccRecord893554_1001_1100_RSN1061.png
train,UnscaledAccRecord893554_1001_1100_RSN1062,dataset_rgb\train\ground\UnscaledAccRecord893554_1001_1100_RSN1062.png,dataset_rgb\train\sensor\UnscaledAccRecord893554_1001_1100_RSN1062.png,dataset_rgb\train\mask\UnscaledAccRecord893554_1001_1100_RSN1062.png,dataset_rgb\train\target\UnscaledAccRecord893554_1001_1100_RSN1062.png
train,UnscaledAccRecord893554_1001_1100_RSN1064,dataset_rgb\train\ground\UnscaledAccRecord893554_1001_1100_RSN1064.png,dataset_rgb\train\sensor\UnscaledAccRecord893554_1001_1100_RSN1064.png,dataset_rgb\train\mask\UnscaledAccRecord893554_1001_1100_RSN1064.png,dataset_rgb\train\target\UnscaledAccRecord893554_1001_1100_RSN1064.png
train,UnscaledAccRecord893554_1001_1100_RSN1066,dataset_rgb\train\ground\UnscaledAccRecord893554_1001_1100_RSN1066.png,dataset_rgb\train\sensor\UnscaledAccRecord893554_1001_1100_RSN1066.png,dataset_rgb\train\mask\UnscaledAccRecord893554_1001_1100_RSN1066.png,dataset_rgb\train\target\UnscaledAccRecord893554_1001_1100_RSN1066.png
train,UnscaledAccRecord893554_1001_1100_RSN1072,dataset_rgb\train\ground\UnscaledAccRecord893554_1001_1100_RSN1072.png,dataset_rgb\train\sensor\UnscaledAccRecord893554_1001_1100_RSN1072.png,dataset_rgb\train\mask\UnscaledAccRecord893554_1001_1100_RSN1072.png,dataset_rgb\train\target\UnscaledAccRecord893554_1001_1100_RSN1072.png
train,UnscaledAccRecord893554_1001_1100_RSN1073,dataset_rgb\train\ground\UnscaledAccRecord893554_1001_1100_RSN1073.png,dataset_rgb\train\sensor\UnscaledAccRecord893554_1001_1100_RSN1073.png,dataset_rgb\train\mask\UnscaledAccRecord893554_1001_1100_RSN1073.png,dataset_rgb\train\target\UnscaledAccRecord893554_1001_1100_RSN1073.png
train,UnscaledAccRecord893554_1001_1100_RSN1074,dataset_rgb\train\ground\UnscaledAccRecord893554_1001_1100_RSN1074.png,dataset_rgb\train\sensor\UnscaledAccRecord893554_1001_1100_RSN1074.png,dataset_rgb\train\mask\UnscaledAccRecord893554_1001_1100_RSN1074.png,dataset_rgb\train\target\UnscaledAccRecord893554_1001_1100_RSN1074.png
train,UnscaledAccRecord893554_1001_1100_RSN1075,dataset_rgb\train\ground\UnscaledAccRecord893554_1001_1100_RSN1075.png,dataset_rgb\train\sensor\UnscaledAccRecord893554_1001_1100_RSN1075.png,dataset_rgb\train\mask\UnscaledAccRecord893554_1001_1100_RSN1075.png,dataset_rgb\train\target\UnscaledAccRecord893554_1001_1100_RSN1075.png
train,UnscaledAccRecord893554_1001_1100_RSN1076,dataset_rgb\train\ground\UnscaledAccRecord893554_1001_1100_RSN1076.png,dataset_rgb\train\sensor\UnscaledAccRecord893554_1001_1100_RSN1076.png,dataset_rgb\train\mask\UnscaledAccRecord893554_1001_1100_RSN1076.png,dataset_rgb\train\target\UnscaledAccRecord893554_1001_1100_RSN1076.png
train,UnscaledAccRecord893554_1001_1100_RSN1077,dataset_rgb\train\ground\UnscaledAccRecord893554_1001_1100_RSN1077.png,dataset_rgb\train\sensor\UnscaledAccRecord893554_1001_1100_RSN1077.png,dataset_rgb\train\mask\UnscaledAccRecord893554_1001_1100_RSN1077.png,dataset_rgb\train\target\UnscaledAccRecord893554_1001_1100_RSN1077.png
train,UnscaledAccRecord893554_1001_1100_RSN1080,dataset_rgb\train\ground\UnscaledAccRecord893554_1001_1100_RSN1080.png,dataset_rgb\train\sensor\UnscaledAccRecord893554_1001_1100_RSN1080.png,dataset_rgb\train\mask\UnscaledAccRecord893554_1001_1100_RSN1080.png,dataset_rgb\train\target\UnscaledAccRecord893554_1001_1100_RSN1080.png
train,UnscaledAccRecord893554_1001_1100_RSN1082,dataset_rgb\train\ground\UnscaledAccRecord893554_1001_1100_RSN1082.png,dataset_rgb\train\sensor\UnscaledAccRecord893554_1001_1100_RSN1082.png,dataset_rgb\train\mask\UnscaledAccRecord893554_1001_1100_RSN1082.png,dataset_rgb\train\target\UnscaledAccRecord893554_1001_1100_RSN1082.png
train,UnscaledAccRecord893554_1001_1100_RSN1083,dataset_rgb\train\ground\UnscaledAccRecord893554_1001_1100_RSN1083.png,dataset_rgb\train\sensor\UnscaledAccRecord893554_1001_1100_RSN1083.png,dataset_rgb\train\mask\UnscaledAccRecord893554_1001_1100_RSN1083.png,dataset_rgb\train\target\UnscaledAccRecord893554_1001_1100_RSN1083.png
train,UnscaledAccRecord893554_1001_1100_RSN1084,dataset_rgb\train\ground\UnscaledAccRecord893554_1001_1100_RSN1084.png,dataset_rgb\train\sensor\UnscaledAccRecord893554_1001_1100_RSN1084.png,dataset_rgb\train\mask\UnscaledAccRecord893554_1001_1100_RSN1084.png,dataset_rgb\train\target\UnscaledAccRecord893554_1001_1100_RSN1084.png
train,UnscaledAccRecord893554_1001_1100_RSN1085,dataset_rgb\train\ground\UnscaledAccRecord893554_1001_1100_RSN1085.png,dataset_rgb\train\sensor\UnscaledAccRecord893554_1001_1100_RSN1085.png,dataset_rgb\train\mask\UnscaledAccRecord893554_1001_1100_RSN1085.png,dataset_rgb\train\target\UnscaledAccRecord893554_1001_1100_RSN1085.png
train,UnscaledAccRecord893554_1001_1100_RSN1087,dataset_rgb\train\ground\UnscaledAccRecord893554_1001_1100_RSN1087.png,dataset_rgb\train\sensor\UnscaledAccRecord893554_1001_1100_RSN1087.png,dataset_rgb\train\mask\UnscaledAccRecord893554_1001_1100_RSN1087.png,dataset_rgb\train\target\UnscaledAccRecord893554_1001_1100_RSN1087.png
train,UnscaledAccRecord893554_1001_1100_RSN1089,dataset_rgb\train\ground\UnscaledAccRecord893554_1001_1100_RSN1089.png,dataset_rgb\train\sensor\UnscaledAccRecord893554_1001_1100_RSN1089.png,dataset_rgb\train\mask\UnscaledAccRecord893554_1001_1100_RSN1089.png,dataset_rgb\train\target\UnscaledAccRecord893554_1001_1100_RSN1089.png
train,UnscaledAccRecord893554_1001_1100_RSN1090,dataset_rgb\train\ground\UnscaledAccRecord893554_1001_1100_RSN1090.png,dataset_rgb\train\sensor\UnscaledAccRecord893554_1001_1100_RSN1090.png,dataset_rgb\train\mask\UnscaledAccRecord893554_1001_1100_RSN1090.png,dataset_rgb\train\target\UnscaledAccRecord893554_1001_1100_RSN1090.png
train,UnscaledAccRecord893554_1001_1100_RSN1095,dataset_rgb\train\ground\UnscaledAccRecord893554_1001_1100_RSN1095.png,dataset_rgb\train\sensor\UnscaledAccRecord893554_1001_1100_RSN1095.png,dataset_rgb\train\mask\UnscaledAccRecord893554_1001_1100_RSN1095.png,dataset_rgb\train\target\UnscaledAccRecord893554_1001_1100_RSN1095.png
train,UnscaledAccRecord893554_1001_1100_RSN1096,dataset_rgb\train\ground\UnscaledAccRecord893554_1001_1100_RSN1096.png,dataset_rgb\train\sensor\UnscaledAccRecord893554_1001_1100_RSN1096.png,dataset_rgb\train\mask\UnscaledAccRecord893554_1001_1100_RSN1096.png,dataset_rgb\train\target\UnscaledAccRecord893554_1001_1100_RSN1096.png
train,UnscaledAccRecord893554_1001_1100_RSN1098,dataset_rgb\train\ground\UnscaledAccRecord893554_1001_1100_RSN1098.png,dataset_rgb\train\sensor\UnscaledAccRecord893554_1001_1100_RSN1098.png,dataset_rgb\train\mask\UnscaledAccRecord893554_1001_1100_RSN1098.png,dataset_rgb\train\target\UnscaledAccRecord893554_1001_1100_RSN1098.png
train,UnscaledAccRecord893554_1001_1100_RSN1099,dataset_rgb\train\ground\UnscaledAccRecord893554_1001_1100_RSN1099.png,dataset_rgb\train\sensor\UnscaledAccRecord893554_1001_1100_RSN1099.png,dataset_rgb\train\mask\UnscaledAccRecord893554_1001_1100_RSN1099.png,dataset_rgb\train\target\UnscaledAccRecord893554_1001_1100_RSN1099.png
train,UnscaledAccRecord893554_102_204_RSN109,dataset_rgb\train\ground\UnscaledAccRecord893554_102_204_RSN109.png,dataset_rgb\train\sensor\UnscaledAccRecord893554_102_204_RSN109.png,dataset_rgb\train\mask\UnscaledAccRecord893554_102_204_RSN109.png,dataset_rgb\train\target\UnscaledAccRecord893554_102_204_RSN109.png
train,UnscaledAccRecord893554_102_204_RSN111,dataset_rgb\train\ground\UnscaledAccRecord893554_102_204_RSN111.png,dataset_rgb\train\sensor\UnscaledAccRecord893554_102_204_RSN111.png,dataset_rgb\train\mask\UnscaledAccRecord893554_102_204_RSN111.png,dataset_rgb\train\target\UnscaledAccRecord893554_102_204_RSN111.png
train,UnscaledAccRecord893554_102_204_RSN112,dataset_rgb\train\ground\UnscaledAccRecord893554_102_204_RSN112.png,dataset_rgb\train\sensor\UnscaledAccRecord893554_102_204_RSN112.png,dataset_rgb\train\mask\UnscaledAccRecord893554_102_204_RSN112.png,dataset_rgb\train\target\UnscaledAccRecord893554_102_204_RSN112.png
train,UnscaledAccRecord893554_102_204_RSN113,dataset_rgb\train\ground\UnscaledAccRecord893554_102_204_RSN113.png,dataset_rgb\train\sensor\UnscaledAccRecord893554_102_204_RSN113.png,dataset_rgb\train\mask\UnscaledAccRecord893554_102_204_RSN113.png,dataset_rgb\train\target\UnscaledAccRecord893554_102_204_RSN113.png
train,UnscaledAccRecord893554_102_204_RSN115,dataset_rgb\train\ground\UnscaledAccRecord893554_102_204_RSN115.png,dataset_rgb\train\sensor\UnscaledAccRecord893554_102_204_RSN115.png,dataset_rgb\train\mask\UnscaledAccRecord893554_102_204_RSN115.png,dataset_rgb\train\target\UnscaledAccRecord893554_102_204_RSN115.png
train,UnscaledAccRecord893554_102_204_RSN116,dataset_rgb\train\ground\UnscaledAccRecord893554_102_204_RSN116.png,dataset_rgb\train\sensor\UnscaledAccRecord893554_102_204_RSN116.png,dataset_rgb\train\mask\UnscaledAccRecord893554_102_204_RSN116.png,dataset_rgb\train\target\UnscaledAccRecord893554_102_204_RSN116.png
train,UnscaledAccRecord893554_102_204_RSN117,dataset_rgb\train\ground\UnscaledAccRecord893554_102_204_RSN117.png,dataset_rgb\train\sensor\UnscaledAccRecord893554_102_204_RSN117.png,dataset_rgb\train\mask\UnscaledAccRecord893554_102_204_RSN117.png,dataset_rgb\train\target\UnscaledAccRecord893554_102_204_RSN117.png
train,UnscaledAccRecord893554_102_204_RSN119,dataset_rgb\train\ground\UnscaledAccRecord893554_102_204_RSN119.png,dataset_rgb\train\sensor\UnscaledAccRecord893554_102_204_RSN119.png,dataset_rgb\train\mask\UnscaledAccRecord893554_102_204_RSN119.png,dataset_rgb\train\target\UnscaledAccRecord893554_102_204_RSN119.png
train,UnscaledAccRecord893554_102_204_RSN120,dataset_rgb\train\ground\UnscaledAccRecord893554_102_204_RSN120.png,dataset_rgb\train\sensor\UnscaledAccRecord893554_102_204_RSN120.png,dataset_rgb\train\mask\UnscaledAccRecord893554_102_204_RSN120.png,dataset_rgb\train\target\UnscaledAccRecord893554_102_204_RSN120.png
train,UnscaledAccRecord893554_102_204_RSN121,dataset_rgb\train\ground\UnscaledAccRecord893554_102_204_RSN121.png,dataset_rgb\train\sensor\UnscaledAccRecord893554_102_204_RSN121.png,dataset_rgb\train\mask\UnscaledAccRecord893554_102_204_RSN121.png,dataset_rgb\train\target\UnscaledAccRecord893554_102_204_RSN121.png
train,UnscaledAccRecord893554_102_204_RSN122,dataset_rgb\train\ground\UnscaledAccRecord893554_102_204_RSN122.png,dataset_rgb\train\sensor\UnscaledAccRecord893554_102_204_RSN122.png,dataset_rgb\train\mask\UnscaledAccRecord893554_102_204_RSN122.png,dataset_rgb\train\target\UnscaledAccRecord893554_102_204_RSN122.png
train,UnscaledAccRecord893554_102_204_RSN123,dataset_rgb\train\ground\UnscaledAccRecord893554_102_204_RSN123.png,dataset_rgb\train\sensor\UnscaledAccRecord893554_102_204_RSN123.png,dataset_rgb\train\mask\UnscaledAccRecord893554_102_204_RSN123.png,dataset_rgb\train\target\UnscaledAccRecord893554_102_204_RSN123.png
train,UnscaledAccRecord893554_102_204_RSN124,dataset_rgb\train\ground\UnscaledAccRecord893554_102_204_RSN124.png,dataset_rgb\train\sensor\UnscaledAccRecord893554_102_204_RSN124.png,dataset_rgb\train\mask\UnscaledAccRecord893554_102_204_RSN124.png,dataset_rgb\train\target\UnscaledAccRecord893554_102_204_RSN124.png
train,UnscaledAccRecord893554_102_204_RSN127,dataset_rgb\train\ground\UnscaledAccRecord893554_102_204_RSN127.png,dataset_rgb\train\sensor\UnscaledAccRecord893554_102_204_RSN127.png,dataset_rgb\train\mask\UnscaledAccRecord893554_102_204_RSN127.png,dataset_rgb\train\target\UnscaledAccRecord893554_102_204_RSN127.png
train,UnscaledAccRecord893554_102_204_RSN128,dataset_rgb\train\ground\UnscaledAccRecord893554_102_204_RSN128.png,dataset_rgb\train\sensor\UnscaledAccRecord893554_102_204_RSN128.png,dataset_rgb\train\mask\UnscaledAccRecord893554_102_204_RSN128.png,dataset_rgb\train\target\UnscaledAccRecord893554_102_204_RSN128.png
train,UnscaledAccRecord893554_102_204_RSN129,dataset_rgb\train\ground\UnscaledAccRecord893554_102_204_RSN129.png,dataset_rgb\train\sensor\UnscaledAccRecord893554_102_204_RSN129.png,dataset_rgb\train\mask\UnscaledAccRecord893554_102_204_RSN129.png,dataset_rgb\train\target\UnscaledAccRecord893554_102_204_RSN129.png
train,UnscaledAccRecord893554_102_204_RSN130,dataset_rgb\train\ground\UnscaledAccRecord893554_102_204_RSN130.png,dataset_rgb\train\sensor\UnscaledAccRecord893554_102_204_RSN130.png,dataset_rgb\train\mask\UnscaledAccRecord893554_102_204_RSN130.png,dataset_rgb\train\target\UnscaledAccRecord893554_102_204_RSN130.png
train,UnscaledAccRecord893554_102_204_RSN132,dataset_rgb\train\ground\UnscaledAccRecord893554_102_204_RSN132.png,dataset_rgb\train\sensor\UnscaledAccRecord893554_102_204_RSN132.png,dataset_rgb\train\mask\UnscaledAccRecord893554_102_204_RSN132.png,dataset_rgb\train\target\UnscaledAccRecord893554_102_204_RSN132.png
train,UnscaledAccRecord893554_102_204_RSN133,dataset_rgb\train\ground\UnscaledAccRecord893554_102_204_RSN133.png,dataset_rgb\train\sensor\UnscaledAccRecord893554_102_204_RSN133.png,dataset_rgb\train\mask\UnscaledAccRecord893554_102_204_RSN133.png,dataset_rgb\train\target\UnscaledAccRecord893554_102_204_RSN133.png
train,UnscaledAccRecord893554_102_204_RSN135,dataset_rgb\train\ground\UnscaledAccRecord893554_102_204_RSN135.png,dataset_rgb\train\sensor\UnscaledAccRecord893554_102_204_RSN135.png,dataset_rgb\train\mask\UnscaledAccRecord893554_102_204_RSN135.png,dataset_rgb\train\target\UnscaledAccRecord893554_102_204_RSN135.png
train,UnscaledAccRecord893554_102_204_RSN137,dataset_rgb\train\ground\UnscaledAccRecord893554_102_204_RSN137.png,dataset_rgb\train\sensor\UnscaledAccRecord893554_102_204_RSN137.png,dataset_rgb\train\mask\UnscaledAccRecord893554_102_204_RSN137.png,dataset_rgb\train\target\UnscaledAccRecord893554_102_204_RSN137.png
train,UnscaledAccRecord893554_102_204_RSN138,dataset_rgb\train\ground\UnscaledAccRecord893554_102_204_RSN138.png,dataset_rgb\train\sensor\UnscaledAccRecord893554_102_204_RSN138.png,dataset_rgb\train\mask\UnscaledAccRecord893554_102_204_RSN138.png,dataset_rgb\train\target\UnscaledAccRecord893554_102_204_RSN138.png
train,UnscaledAccRecord893554_102_204_RSN141,dataset_rgb\train\ground\UnscaledAccRecord893554_102_204_RSN141.png,dataset_rgb\train\sensor\UnscaledAccRecord893554_102_204_RSN141.png,dataset_rgb\train\mask\UnscaledAccRecord893554_102_204_RSN141.png,dataset_rgb\train\target\UnscaledAccRecord893554_102_204_RSN141.png
train,UnscaledAccRecord893554_102_204_RSN142,dataset_rgb\train\ground\UnscaledAccRecord893554_102_204_RSN142.png,dataset_rgb\train\sensor\UnscaledAccRecord893554_102_204_RSN142.png,dataset_rgb\train\mask\UnscaledAccRecord893554_102_204_RSN142.png,dataset_rgb\train\target\UnscaledAccRecord893554_102_204_RSN142.png
train,UnscaledAccRecord893554_102_204_RSN144,dataset_rgb\train\ground\UnscaledAccRecord893554_102_204_RSN144.png,dataset_rgb\train\sensor\UnscaledAccRecord893554_102_204_RSN144.png,dataset_rgb\train\mask\UnscaledAccRecord893554_102_204_RSN144.png,dataset_rgb\train\target\UnscaledAccRecord893554_102_204_RSN144.png
train,UnscaledAccRecord893554_102_204_RSN145,dataset_rgb\train\ground\UnscaledAccRecord893554_102_204_RSN145.png,dataset_rgb\train\sensor\UnscaledAccRecord893554_102_204_RSN145.png,dataset_rgb\train\mask\UnscaledAccRecord893554_102_204_RSN145.png,dataset_rgb\train\target\UnscaledAccRecord893554_102_204_RSN145.png
train,UnscaledAccRecord893554_102_204_RSN146,dataset_rgb\train\ground\UnscaledAccRecord893554_102_204_RSN146.png,dataset_rgb\train\sensor\UnscaledAccRecord893554_102_204_RSN146.png,dataset_rgb\train\mask\UnscaledAccRecord893554_102_204_RSN146.png,dataset_rgb\train\target\UnscaledAccRecord893554_102_204_RSN146.png
train,UnscaledAccRecord893554_102_204_RSN147,dataset_rgb\train\ground\UnscaledAccRecord893554_102_204_RSN147.png,dataset_rgb\train\sensor\UnscaledAccRecord893554_102_204_RSN147.png,dataset_rgb\train\mask\UnscaledAccRecord893554_102_204_RSN147.png,dataset_rgb\train\target\UnscaledAccRecord893554_102_204_RSN147.png
train,UnscaledAccRecord893554_102_204_RSN149,dataset_rgb\train\ground\UnscaledAccRecord893554_102_204_RSN149.png,dataset_rgb\train\sensor\UnscaledAccRecord893554_102_204_RSN149.png,dataset_rgb\train\mask\UnscaledAccRecord893554_102_204_RSN149.png,dataset_rgb\train\target\UnscaledAccRecord893554_102_204_RSN149.png
train,UnscaledAccRecord893554_102_204_RSN151,dataset_rgb\train\ground\UnscaledAccRecord893554_102_204_RSN151.png,dataset_rgb\train\sensor\UnscaledAccRecord893554_102_204_RSN151.png,dataset_rgb\train\mask\UnscaledAccRecord893554_102_204_RSN151.png,dataset_rgb\train\target\UnscaledAccRecord893554_102_204_RSN151.png
train,UnscaledAccRecord893554_102_204_RSN152,dataset_rgb\train\ground\UnscaledAccRecord893554_102_204_RSN152.png,dataset_rgb\train\sensor\UnscaledAccRecord893554_102_204_RSN152.png,dataset_rgb\train\mask\UnscaledAccRecord893554_102_204_RSN152.png,dataset_rgb\train\target\UnscaledAccRecord893554_102_204_RSN152.png
train,UnscaledAccRecord893554_102_204_RSN153,dataset_rgb\train\ground\UnscaledAccRecord893554_102_204_RSN153.png,dataset_rgb\train\sensor\UnscaledAccRecord893554_102_204_RSN153.png,dataset_rgb\train\mask\UnscaledAccRecord893554_102_204_RSN153.png,dataset_rgb\train\target\UnscaledAccRecord893554_102_204_RSN153.png
train,UnscaledAccRecord893554_102_204_RSN154,dataset_rgb\train\ground\UnscaledAccRecord893554_102_204_RSN154.png,dataset_rgb\train\sensor\UnscaledAccRecord893554_102_204_RSN154.png,dataset_rgb\train\mask\UnscaledAccRecord893554_102_204_RSN154.png,dataset_rgb\train\target\UnscaledAccRecord893554_102_204_RSN154.png
train,UnscaledAccRecord893554_102_204_RSN155,dataset_rgb\train\ground\UnscaledAccRecord893554_102_204_RSN155.png,dataset_rgb\train\sensor\UnscaledAccRecord893554_102_204_RSN155.png,dataset_rgb\train\mask\UnscaledAccRecord893554_102_204_RSN155.png,dataset_rgb\train\target\UnscaledAccRecord893554_102_204_RSN155.png
train,UnscaledAccRecord893554_102_204_RSN156,dataset_rgb\train\ground\UnscaledAccRecord893554_102_204_RSN156.png,dataset_rgb\train\sensor\UnscaledAccRecord893554_102_204_RSN156.png,dataset_rgb\train\mask\UnscaledAccRecord893554_102_204_RSN156.png,dataset_rgb\train\target\UnscaledAccRecord893554_102_204_RSN156.png
train,UnscaledAccRecord893554_102_204_RSN157,dataset_rgb\train\ground\UnscaledAccRecord893554_102_204_RSN157.png,dataset_rgb\train\sensor\UnscaledAccRecord893554_102_204_RSN157.png,dataset_rgb\train\mask\UnscaledAccRecord893554_102_204_RSN157.png,dataset_rgb\train\target\UnscaledAccRecord893554_102_204_RSN157.png
train,UnscaledAccRecord893554_102_204_RSN158,dataset_rgb\train\ground\UnscaledAccRecord893554_102_204_RSN158.png,dataset_rgb\train\sensor\UnscaledAccRecord893554_102_204_RSN158.png,dataset_rgb\train\mask\UnscaledAccRecord893554_102_204_RSN158.png,dataset_rgb\train\target\UnscaledAccRecord893554_102_204_RSN158.png
train,UnscaledAccRecord893554_102_204_RSN159,dataset_rgb\train\ground\UnscaledAccRecord893554_102_204_RSN159.png,dataset_rgb\train\sensor\UnscaledAccRecord893554_102_204_RSN159.png,dataset_rgb\train\mask\UnscaledAccRecord893554_102_204_RSN159.png,dataset_rgb\train\target\UnscaledAccRecord893554_102_204_RSN159.png
train,UnscaledAccRecord893554_102_204_RSN161,dataset_rgb\train\ground\UnscaledAccRecord893554_102_204_RSN161.png,dataset_rgb\train\sensor\UnscaledAccRecord893554_102_204_RSN161.png,dataset_rgb\train\mask\UnscaledAccRecord893554_102_204_RSN161.png,dataset_rgb\train\target\UnscaledAccRecord893554_102_204_RSN161.png
train,UnscaledAccRecord893554_102_204_RSN162,dataset_rgb\train\ground\UnscaledAccRecord893554_102_204_RSN162.png,dataset_rgb\train\sensor\UnscaledAccRecord893554_102_204_RSN162.png,dataset_rgb\train\mask\UnscaledAccRecord893554_102_204_RSN162.png,dataset_rgb\train\target\UnscaledAccRecord893554_102_204_RSN162.png
train,UnscaledAccRecord893554_102_204_RSN163,dataset_rgb\train\ground\UnscaledAccRecord893554_102_204_RSN163.png,dataset_rgb\train\sensor\UnscaledAccRecord893554_102_204_RSN163.png,dataset_rgb\train\mask\UnscaledAccRecord893554_102_204_RSN163.png,dataset_rgb\train\target\UnscaledAccRecord893554_102_204_RSN163.png
train,UnscaledAccRecord893554_102_204_RSN164,dataset_rgb\train\ground\UnscaledAccRecord893554_102_204_RSN164.png,dataset_rgb\train\sensor\UnscaledAccRecord893554_102_204_RSN164.png,dataset_rgb\train\mask\UnscaledAccRecord893554_102_204_RSN164.png,dataset_rgb\train\target\UnscaledAccRecord893554_102_204_RSN164.png
train,UnscaledAccRecord893554_102_204_RSN165,dataset_rgb\train\ground\UnscaledAccRecord893554_102_204_RSN165.png,dataset_rgb\train\sensor\UnscaledAccRecord893554_102_204_RSN165.png,dataset_rgb\train\mask\UnscaledAccRecord893554_102_204_RSN165.png,dataset_rgb\train\target\UnscaledAccRecord893554_102_204_RSN165.png
train,UnscaledAccRecord893554_102_204_RSN166,dataset_rgb\train\ground\UnscaledAccRecord893554_102_204_RSN166.png,dataset_rgb\train\sensor\UnscaledAccRecord893554_102_204_RSN166.png,dataset_rgb\train\mask\UnscaledAccRecord893554_102_204_RSN166.png,dataset_rgb\train\target\UnscaledAccRecord893554_102_204_RSN166.png
train,UnscaledAccRecord893554_102_204_RSN169,dataset_rgb\train\ground\UnscaledAccRecord893554_102_204_RSN169.png,dataset_rgb\train\sensor\UnscaledAccRecord893554_102_204_RSN169.png,dataset_rgb\train\mask\UnscaledAccRecord893554_102_204_RSN169.png,dataset_rgb\train\target\UnscaledAccRecord893554_102_204_RSN169.png
train,UnscaledAccRecord893554_102_204_RSN170,dataset_rgb\train\ground\UnscaledAccRecord893554_102_204_RSN170.png,dataset_rgb\train\sensor\UnscaledAccRecord893554_102_204_RSN170.png,dataset_rgb\train\mask\UnscaledAccRecord893554_102_204_RSN170.png,dataset_rgb\train\target\UnscaledAccRecord893554_102_204_RSN170.png
train,UnscaledAccRecord893554_102_204_RSN172,dataset_rgb\train\ground\UnscaledAccRecord893554_102_204_RSN172.png,dataset_rgb\train\sensor\UnscaledAccRecord893554_102_204_RSN172.png,dataset_rgb\train\mask\UnscaledAccRecord893554_102_204_RSN172.png,dataset_rgb\train\target\UnscaledAccRecord893554_102_204_RSN172.png
train,UnscaledAccRecord893554_102_204_RSN173,dataset_rgb\train\ground\UnscaledAccRecord893554_102_204_RSN173.png,dataset_rgb\train\sensor\UnscaledAccRecord893554_102_204_RSN173.png,dataset_rgb\train\mask\UnscaledAccRecord893554_102_204_RSN173.png,dataset_rgb\train\target\UnscaledAccRecord893554_102_204_RSN173.png
train,UnscaledAccRecord893554_102_204_RSN176,dataset_rgb\train\ground\UnscaledAccRecord893554_102_204_RSN176.png,dataset_rgb\train\sensor\UnscaledAccRecord893554_102_204_RSN176.png,dataset_rgb\train\mask\UnscaledAccRecord893554_102_204_RSN176.png,dataset_rgb\train\target\UnscaledAccRecord893554_102_204_RSN176.png
train,UnscaledAccRecord893554_102_204_RSN179,dataset_rgb\train\ground\UnscaledAccRecord893554_102_204_RSN179.png,dataset_rgb\train\sensor\UnscaledAccRecord893554_102_204_RSN179.png,dataset_rgb\train\mask\UnscaledAccRecord893554_102_204_RSN179.png,dataset_rgb\train\target\UnscaledAccRecord893554_102_204_RSN179.png
train,UnscaledAccRecord893554_102_204_RSN180,dataset_rgb\train\ground\UnscaledAccRecord893554_102_204_RSN180.png,dataset_rgb\train\sensor\UnscaledAccRecord893554_102_204_RSN180.png,dataset_rgb\train\mask\UnscaledAccRecord893554_102_204_RSN180.png,dataset_rgb\train\target\UnscaledAccRecord893554_102_204_RSN180.png
train,UnscaledAccRecord893554_102_204_RSN181,dataset_rgb\train\ground\UnscaledAccRecord893554_102_204_RSN181.png,dataset_rgb\train\sensor\UnscaledAccRecord893554_102_204_RSN181.png,dataset_rgb\train\mask\UnscaledAccRecord893554_102_204_RSN181.png,dataset_rgb\train\target\UnscaledAccRecord893554_102_204_RSN181.png
train,UnscaledAccRecord893554_102_204_RSN182,dataset_rgb\train\ground\UnscaledAccRecord893554_102_204_RSN182.png,dataset_rgb\train\sensor\UnscaledAccRecord893554_102_204_RSN182.png,dataset_rgb\train\mask\UnscaledAccRecord893554_102_204_RSN182.png,dataset_rgb\train\target\UnscaledAccRecord893554_102_204_RSN182.png
train,UnscaledAccRecord893554_102_204_RSN184,dataset_rgb\train\ground\UnscaledAccRecord893554_102_204_RSN184.png,dataset_rgb\train\sensor\UnscaledAccRecord893554_102_204_RSN184.png,dataset_rgb\train\mask\UnscaledAccRecord893554_102_204_RSN184.png,dataset_rgb\train\target\UnscaledAccRecord893554_102_204_RSN184.png
train,UnscaledAccRecord893554_102_204_RSN185,dataset_rgb\train\ground\UnscaledAccRecord893554_102_204_RSN185.png,dataset_rgb\train\sensor\UnscaledAccRecord893554_102_204_RSN185.png,dataset_rgb\train\mask\UnscaledAccRecord893554_102_204_RSN185.png,dataset_rgb\train\target\UnscaledAccRecord893554_102_204_RSN185.png
train,UnscaledAccRecord893554_102_204_RSN187,dataset_rgb\train\ground\UnscaledAccRecord893554_102_204_RSN187.png,dataset_rgb\train\sensor\UnscaledAccRecord893554_102_204_RSN187.png,dataset_rgb\train\mask\UnscaledAccRecord893554_102_204_RSN187.png,dataset_rgb\train\target\UnscaledAccRecord893554_102_204_RSN187.png
train,UnscaledAccRecord893554_102_204_RSN188,dataset_rgb\train\ground\UnscaledAccRecord893554_102_204_RSN188.png,dataset_rgb\train\sensor\UnscaledAccRecord893554_102_204_RSN188.png,dataset_rgb\train\mask\UnscaledAccRecord893554_102_204_RSN188.png,dataset_rgb\train\target\UnscaledAccRecord893554_102_204_RSN188.png
train,UnscaledAccRecord893554_102_204_RSN190,dataset_rgb\train\ground\UnscaledAccRecord893554_102_204_RSN190.png,dataset_rgb\train\sensor\UnscaledAccRecord893554_102_204_RSN190.png,dataset_rgb\train\mask\UnscaledAccRecord893554_102_204_RSN190.png,dataset_rgb\train\target\UnscaledAccRecord893554_102_204_RSN190.png
train,UnscaledAccRecord893554_102_204_RSN191,dataset_rgb\train\ground\UnscaledAccRecord893554_102_204_RSN191.png,dataset_rgb\train\sensor\UnscaledAccRecord893554_102_204_RSN191.png,dataset_rgb\train\mask\UnscaledAccRecord893554_102_204_RSN191.png,dataset_rgb\train\target\UnscaledAccRecord893554_102_204_RSN191.png
train,UnscaledAccRecord893554_102_204_RSN192,dataset_rgb\train\ground\UnscaledAccRecord893554_102_204_RSN192.png,dataset_rgb\train\sensor\UnscaledAccRecord893554_102_204_RSN192.png,dataset_rgb\train\mask\UnscaledAccRecord893554_102_204_RSN192.png,dataset_rgb\train\target\UnscaledAccRecord893554_102_204_RSN192.png
train,UnscaledAccRecord893554_102_204_RSN193,dataset_rgb\train\ground\UnscaledAccRecord893554_102_204_RSN193.png,dataset_rgb\train\sensor\UnscaledAccRecord893554_102_204_RSN193.png,dataset_rgb\train\mask\UnscaledAccRecord893554_102_204_RSN193.png,dataset_rgb\train\target\UnscaledAccRecord893554_102_204_RSN193.png
train,UnscaledAccRecord893554_102_204_RSN195,dataset_rgb\train\ground\UnscaledAccRecord893554_102_204_RSN195.png,dataset_rgb\train\sensor\UnscaledAccRecord893554_102_204_RSN195.png,dataset_rgb\train\mask\UnscaledAccRecord893554_102_204_RSN195.png,dataset_rgb\train\target\UnscaledAccRecord893554_102_204_RSN195.png
train,UnscaledAccRecord893554_102_204_RSN196,dataset_rgb\train\ground\UnscaledAccRecord893554_102_204_RSN196.png,dataset_rgb\train\sensor\UnscaledAccRecord893554_102_204_RSN196.png,dataset_rgb\train\mask\UnscaledAccRecord893554_102_204_RSN196.png,dataset_rgb\train\target\UnscaledAccRecord893554_102_204_RSN196.png
train,UnscaledAccRecord893554_102_204_RSN197,dataset_rgb\train\ground\UnscaledAccRecord893554_102_204_RSN197.png,dataset_rgb\train\sensor\UnscaledAccRecord893554_102_204_RSN197.png,dataset_rgb\train\mask\UnscaledAccRecord893554_102_204_RSN197.png,dataset_rgb\train\target\UnscaledAccRecord893554_102_204_RSN197.png
train,UnscaledAccRecord893554_102_204_RSN198,dataset_rgb\train\ground\UnscaledAccRecord893554_102_204_RSN198.png,dataset_rgb\train\sensor\UnscaledAccRecord893554_102_204_RSN198.png,dataset_rgb\train\mask\UnscaledAccRecord893554_102_204_RSN198.png,dataset_rgb\train\target\UnscaledAccRecord893554_102_204_RSN198.png
train,UnscaledAccRecord893554_102_204_RSN199,dataset_rgb\train\ground\UnscaledAccRecord893554_102_204_RSN199.png,dataset_rgb\train\sensor\UnscaledAccRecord893554_102_204_RSN199.png,dataset_rgb\train\mask\UnscaledAccRecord893554_102_204_RSN199.png,dataset_rgb\train\target\UnscaledAccRecord893554_102_204_RSN199.png
train,UnscaledAccRecord893554_102_204_RSN200,dataset_rgb\train\ground\UnscaledAccRecord893554_102_204_RSN200.png,dataset_rgb\train\sensor\UnscaledAccRecord893554_102_204_RSN200.png,dataset_rgb\train\mask\UnscaledAccRecord893554_102_204_RSN200.png,dataset_rgb\train\target\UnscaledAccRecord893554_102_204_RSN200.png
train,UnscaledAccRecord893554_102_204_RSN201,dataset_rgb\train\ground\UnscaledAccRecord893554_102_204_RSN201.png,dataset_rgb\train\sensor\UnscaledAccRecord893554_102_204_RSN201.png,dataset_rgb\train\mask\UnscaledAccRecord893554_102_204_RSN201.png,dataset_rgb\train\target\UnscaledAccRecord893554_102_204_RSN201.png
train,UnscaledAccRecord893554_102_204_RSN203,dataset_rgb\train\ground\UnscaledAccRecord893554_102_204_RSN203.png,dataset_rgb\train\sensor\UnscaledAccRecord893554_102_204_RSN203.png,dataset_rgb\train\mask\UnscaledAccRecord893554_102_204_RSN203.png,dataset_rgb\train\target\UnscaledAccRecord893554_102_204_RSN203.png
train,UnscaledAccRecord893554_102_204_RSN204,dataset_rgb\train\ground\UnscaledAccRecord893554_102_204_RSN204.png,dataset_rgb\train\sensor\UnscaledAccRecord893554_102_204_RSN204.png,dataset_rgb\train\mask\UnscaledAccRecord893554_102_204_RSN204.png,dataset_rgb\train\target\UnscaledAccRecord893554_102_204_RSN204.png
train,UnscaledAccRecord893554_1201_1305_RSN1201,dataset_rgb\train\ground\UnscaledAccRecord893554_1201_1305_RSN1201.png,dataset_rgb\train\sensor\UnscaledAccRecord893554_1201_1305_RSN1201.png,dataset_rgb\train\mask\UnscaledAccRecord893554_1201_1305_RSN1201.png,dataset_rgb\train\target\UnscaledAccRecord893554_1201_1305_RSN1201.png
train,UnscaledAccRecord893554_1201_1305_RSN1203,dataset_rgb\train\ground\UnscaledAccRecord893554_1201_1305_RSN1203.png,dataset_rgb\train\sensor\UnscaledAccRecord893554_1201_1305_RSN1203.png,dataset_rgb\train\mask\UnscaledAccRecord893554_1201_1305_RSN1203.png,dataset_rgb\train\target\UnscaledAccRecord893554_1201_1305_RSN1203.png
train,UnscaledAccRecord893554_1201_1305_RSN1204,dataset_rgb\train\ground\UnscaledAccRecord893554_1201_1305_RSN1204.png,dataset_rgb\train\sensor\UnscaledAccRecord893554_1201_1305_RSN1204.png,dataset_rgb\train\mask\UnscaledAccRecord893554_1201_1305_RSN1204.png,dataset_rgb\train\target\UnscaledAccRecord893554_1201_1305_RSN1204.png
train,UnscaledAccRecord893554_1201_1305_RSN1205,dataset_rgb\train\ground\UnscaledAccRecord893554_1201_1305_RSN1205.png,dataset_rgb\train\sensor\UnscaledAccRecord893554_1201_1305_RSN1205.png,dataset_rgb\train\mask\UnscaledAccRecord893554_1201_1305_RSN1205.png,dataset_rgb\train\target\UnscaledAccRecord893554_1201_1305_RSN1205.png
train,UnscaledAccRecord893554_1201_1305_RSN1206,dataset_rgb\train\ground\UnscaledAccRecord893554_1201_1305_RSN1206.png,dataset_rgb\train\sensor\UnscaledAccRecord893554_1201_1305_RSN1206.png,dataset_rgb\train\mask\UnscaledAccRecord893554_1201_1305_RSN1206.png,dataset_rgb\train\target\UnscaledAccRecord893554_1201_1305_RSN1206.png
train,UnscaledAccRecord893554_1201_1305_RSN1207,dataset_rgb\train\ground\UnscaledAccRecord893554_1201_1305_RSN1207.png,dataset_rgb\train\sensor\UnscaledAccRecord893554_1201_1305_RSN1207.png,dataset_rgb\train\mask\UnscaledAccRecord893554_1201_1305_RSN1207.png,dataset_rgb\train\target\UnscaledAccRecord893554_1201_1305_RSN1207.png
train,UnscaledAccRecord893554_1201_1305_RSN1209,dataset_rgb\train\ground\UnscaledAccRecord893554_1201_1305_RSN1209.png,dataset_rgb\train\sensor\UnscaledAccRecord893554_1201_1305_RSN1209.png,dataset_rgb\train\mask\UnscaledAccRecord893554_1201_1305_RSN1209.png,dataset_rgb\train\target\UnscaledAccRecord893554_1201_1305_RSN1209.png
train,UnscaledAccRecord893554_1201_1305_RSN1210,dataset_rgb\train\ground\UnscaledAccRecord893554_1201_1305_RSN1210.png,dataset_rgb\train\sensor\UnscaledAccRecord893554_1201_1305_RSN1210.png,dataset_rgb\train\mask\UnscaledAccRecord893554_1201_1305_RSN1210.png,dataset_rgb\train\target\UnscaledAccRecord893554_1201_1305_RSN1210.png
train,UnscaledAccRecord893554_1201_1305_RSN1213,dataset_rgb\train\ground\UnscaledAccRecord893554_1201_1305_RSN1213.png,dataset_rgb\train\sensor\UnscaledAccRecord893554_1201_1305_RSN1213.png,dataset_rgb\train\mask\UnscaledAccRecord893554_1201_1305_RSN1213.png,dataset_rgb\train\target\UnscaledAccRecord893554_1201_1305_RSN1213.png
train,UnscaledAccRecord893554_1201_1305_RSN1214,dataset_rgb\train\ground\UnscaledAccRecord893554_1201_1305_RSN1214.png,dataset_rgb\train\sensor\UnscaledAccRecord893554_1201_1305_RSN1214.png,dataset_rgb\train\mask\UnscaledAccRecord893554_1201_1305_RSN1214.png,dataset_rgb\train\target\UnscaledAccRecord893554_1201_1305_RSN1214.png
train,UnscaledAccRecord893554_1201_1305_RSN1216,dataset_rgb\train\ground\UnscaledAccRecord893554_1201_1305_RSN1216.png,dataset_rgb\train\sensor\UnscaledAccRecord893554_1201_1305_RSN1216.png,dataset_rgb\train\mask\UnscaledAccRecord893554_1201_1305_RSN1216.png,dataset_rgb\train\target\UnscaledAccRecord893554_1201_1305_RSN1216.png
train,UnscaledAccRecord893554_1201_1305_RSN1217,dataset_rgb\train\ground\UnscaledAccRecord893554_1201_1305_RSN1217.png,dataset_rgb\train\sensor\UnscaledAccRecord893554_1201_1305_RSN1217.png,dataset_rgb\train\mask\UnscaledAccRecord893554_1201_1305_RSN1217.png,dataset_rgb\train\target\UnscaledAccRecord893554_1201_1305_RSN1217.png
train,UnscaledAccRecord893554_1201_1305_RSN1218,dataset_rgb\train\ground\UnscaledAccRecord893554_1201_1305_RSN1218.png,dataset_rgb\train\sensor\UnscaledAccRecord893554_1201_1305_RSN1218.png,dataset_rgb\train\mask\UnscaledAccRecord893554_1201_1305_RSN1218.png,dataset_rgb\train\target\UnscaledAccRecord893554_1201_1305_RSN1218.png
train,UnscaledAccRecord893554_1201_1305_RSN1220,dataset_rgb\train\ground\UnscaledAccRecord893554_1201_1305_RSN1220.png,dataset_rgb\train\sensor\UnscaledAccRecord893554_1201_1305_RSN1220.png,dataset_rgb\train\mask\UnscaledAccRecord893554_1201_1305_RSN1220.png,dataset_rgb\train\target\UnscaledAccRecord893554_1201_1305_RSN1220.png
train,UnscaledAccRecord893554_1201_1305_RSN1221,dataset_rgb\train\ground\UnscaledAccRecord893554_1201_1305_RSN1221.png,dataset_rgb\train\sensor\UnscaledAccRecord893554_1201_1305_RSN1221.png,dataset_rgb\train\mask\UnscaledAccRecord893554_1201_1305_RSN1221.png,dataset_rgb\train\target\UnscaledAccRecord893554_1201_1305_RSN1221.png
train,UnscaledAccRecord893554_1201_1305_RSN1222,dataset_rgb\train\ground\UnscaledAccRecord893554_1201_1305_RSN1222.png,dataset_rgb\train\sensor\UnscaledAccRecord893554_1201_1305_RSN1222.png,dataset_rgb\train\mask\UnscaledAccRecord893554_1201_1305_RSN1222.png,dataset_rgb\train\target\UnscaledAccRecord893554_1201_1305_RSN1222.png
train,UnscaledAccRecord893554_1201_1305_RSN1223,dataset_rgb\train\ground\UnscaledAccRecord893554_1201_1305_RSN1223.png,dataset_rgb\train\sensor\UnscaledAccRecord893554_1201_1305_RSN1223.png,dataset_rgb\train\mask\UnscaledAccRecord893554_1201_1305_RSN1223.png,dataset_rgb\train\target\UnscaledAccRecord893554_1201_1305_RSN1223.png
train,UnscaledAccRecord893554_1201_1305_RSN1226,dataset_rgb\train\ground\UnscaledAccRecord893554_1201_1305_RSN1226.png,dataset_rgb\train\sensor\UnscaledAccRecord893554_1201_1305_RSN1226.png,dataset_rgb\train\mask\UnscaledAccRecord893554_1201_1305_RSN1226.png,dataset_rgb\train\target\UnscaledAccRecord893554_1201_1305_RSN1226.png
train,UnscaledAccRecord893554_1201_1305_RSN1227,dataset_rgb\train\ground\UnscaledAccRecord893554_1201_1305_RSN1227.png,dataset_rgb\train\sensor\UnscaledAccRecord893554_1201_1305_RSN1227.png,dataset_rgb\train\mask\UnscaledAccRecord893554_1201_1305_RSN1227.png,dataset_rgb\train\target\UnscaledAccRecord893554_1201_1305_RSN1227.png
train,UnscaledAccRecord893554_1201_1305_RSN1228,dataset_rgb\train\ground\UnscaledAccRecord893554_1201_1305_RSN1228.png,dataset_rgb\train\sensor\UnscaledAccRecord893554_1201_1305_RSN1228.png,dataset_rgb\train\mask\UnscaledAccRecord893554_1201_1305_RSN1228.png,dataset_rgb\train\target\UnscaledAccRecord893554_1201_1305_RSN1228.png
train,UnscaledAccRecord893554_1201_1305_RSN1230,dataset_rgb\train\ground\UnscaledAccRecord893554_1201_1305_RSN1230.png,dataset_rgb\train\sensor\UnscaledAccRecord893554_1201_1305_RSN1230.png,dataset_rgb\train\mask\UnscaledAccRecord893554_1201_1305_RSN1230.png,dataset_rgb\train\target\UnscaledAccRecord893554_1201_1305_RSN1230.png
train,UnscaledAccRecord893554_1201_1305_RSN1231,dataset_rgb\train\ground\UnscaledAccRecord893554_1201_1305_RSN1231.png,dataset_rgb\train\sensor\UnscaledAccRecord893554_1201_1305_RSN1231.png,dataset_rgb\train\mask\UnscaledAccRecord893554_1201_1305_RSN1231.png,dataset_rgb\train\target\UnscaledAccRecord893554_1201_1305_RSN1231.png
train,UnscaledAccRecord893554_1201_1305_RSN1232,dataset_rgb\train\ground\UnscaledAccRecord893554_1201_1305_RSN1232.png,dataset_rgb\train\sensor\UnscaledAccRecord893554_1201_1305_RSN1232.png,dataset_rgb\train\mask\UnscaledAccRecord893554_1201_1305_RSN1232.png,dataset_rgb\train\target\UnscaledAccRecord893554_1201_1305_RSN1232.png
train,UnscaledAccRecord893554_1201_1305_RSN1233,dataset_rgb\train\ground\UnscaledAccRecord893554_1201_1305_RSN1233.png,dataset_rgb\train\sensor\UnscaledAccRecord893554_1201_1305_RSN1233.png,dataset_rgb\train\mask\UnscaledAccRecord893554_1201_1305_RSN1233.png,dataset_rgb\train\target\UnscaledAccRecord893554_1201_1305_RSN1233.png
train,UnscaledAccRecord893554_1201_1305_RSN1234,dataset_rgb\train\ground\UnscaledAccRecord893554_1201_1305_RSN1234.png,dataset_rgb\train\sensor\UnscaledAccRecord893554_1201_1305_RSN1234.png,dataset_rgb\train\mask\UnscaledAccRecord893554_1201_1305_RSN1234.png,dataset_rgb\train\target\UnscaledAccRecord893554_1201_1305_RSN1234.png
train,UnscaledAccRecord893554_1201_1305_RSN1235,dataset_rgb\train\ground\UnscaledAccRecord893554_1201_1305_RSN1235.png,dataset_rgb\train\sensor\UnscaledAccRecord893554_1201_1305_RSN1235.png,dataset_rgb\train\mask\UnscaledAccRecord893554_1201_1305_RSN1235.png,dataset_rgb\train\target\UnscaledAccRecord893554_1201_1305_RSN1235.png
train,UnscaledAccRecord893554_1201_1305_RSN1236,dataset_rgb\train\ground\UnscaledAccRecord893554_1201_1305_RSN1236.png,dataset_rgb\train\sensor\UnscaledAccRecord893554_1201_1305_RSN1236.png,dataset_rgb\train\mask\UnscaledAccRecord893554_1201_1305_RSN1236.png,dataset_rgb\train\target\UnscaledAccRecord893554_1201_1305_RSN1236.png
train,UnscaledAccRecord893554_1201_1305_RSN1237,dataset_rgb\train\ground\UnscaledAccRecord893554_1201_1305_RSN1237.png,dataset_rgb\train\sensor\UnscaledAccRecord893554_1201_1305_RSN1237.png,dataset_rgb\train\mask\UnscaledAccRecord893554_1201_1305_RSN1237.png,dataset_rgb\train\target\UnscaledAccRecord893554_1201_1305_RSN1237.png
train,UnscaledAccRecord893554_1201_1305_RSN1239,dataset_rgb\train\ground\UnscaledAccRecord893554_1201_1305_RSN1239.png,dataset_rgb\train\sensor\UnscaledAccRecord893554_1201_1305_RSN1239.png,dataset_rgb\train\mask\UnscaledAccRecord893554_1201_1305_RSN1239.png,dataset_rgb\train\target\UnscaledAccRecord893554_1201_1305_RSN1239.png
train,UnscaledAccRecord893554_1201_1305_RSN1241,dataset_rgb\train\ground\UnscaledAccRecord893554_1201_1305_RSN1241.png,dataset_rgb\train\sensor\UnscaledAccRecord893554_1201_1305_RSN1241.png,dataset_rgb\train\mask\UnscaledAccRecord893554_1201_1305_RSN1241.png,dataset_rgb\train\target\UnscaledAccRecord893554_1201_1305_RSN1241.png
train,UnscaledAccRecord893554_1201_1305_RSN1243,dataset_rgb\train\ground\UnscaledAccRecord893554_1201_1305_RSN1243.png,dataset_rgb\train\sensor\UnscaledAccRecord893554_1201_1305_RSN1243.png,dataset_rgb\train\mask\UnscaledAccRecord893554_1201_1305_RSN1243.png,dataset_rgb\train\target\UnscaledAccRecord893554_1201_1305_RSN1243.png
train,UnscaledAccRecord893554_1201_1305_RSN1245,dataset_rgb\train\ground\UnscaledAccRecord893554_1201_1305_RSN1245.png,dataset_rgb\train\sensor\UnscaledAccRecord893554_1201_1305_RSN1245.png,dataset_rgb\train\mask\UnscaledAccRecord893554_1201_1305_RSN1245.png,dataset_rgb\train\target\UnscaledAccRecord893554_1201_1305_RSN1245.png
train,UnscaledAccRecord893554_1201_1305_RSN1249,dataset_rgb\train\ground\UnscaledAccRecord893554_1201_1305_RSN1249.png,dataset_rgb\train\sensor\UnscaledAccRecord893554_1201_1305_RSN1249.png,dataset_rgb\train\mask\UnscaledAccRecord893554_1201_1305_RSN1249.png,dataset_rgb\train\target\UnscaledAccRecord893554_1201_1305_RSN1249.png
train,UnscaledAccRecord893554_1201_1305_RSN1250,dataset_rgb\train\ground\UnscaledAccRecord893554_1201_1305_RSN1250.png,dataset_rgb\train\sensor\UnscaledAccRecord893554_1201_1305_RSN1250.png,dataset_rgb\train\mask\UnscaledAccRecord893554_1201_1305_RSN1250.png,dataset_rgb\train\target\UnscaledAccRecord893554_1201_1305_RSN1250.png
train,UnscaledAccRecord893554_1201_1305_RSN1256,dataset_rgb\train\ground\UnscaledAccRecord893554_1201_1305_RSN1256.png,dataset_rgb\train\sensor\UnscaledAccRecord893554_1201_1305_RSN1256.png,dataset_rgb\train\mask\UnscaledAccRecord893554_1201_1305_RSN1256.png,dataset_rgb\train\target\UnscaledAccRecord893554_1201_1305_RSN1256.png
train,UnscaledAccRecord893554_1201_1305_RSN1257,dataset_rgb\train\ground\UnscaledAccRecord893554_1201_1305_RSN1257.png,dataset_rgb\train\sensor\UnscaledAccRecord893554_1201_1305_RSN1257.png,dataset_rgb\train\mask\UnscaledAccRecord893554_1201_1305_RSN1257.png,dataset_rgb\train\target\UnscaledAccRecord893554_1201_1305_RSN1257.png
train,UnscaledAccRecord893554_1201_1305_RSN1258,dataset_rgb\train\ground\UnscaledAccRecord893554_1201_1305_RSN1258.png,dataset_rgb\train\sensor\UnscaledAccRecord893554_1201_1305_RSN1258.png,dataset_rgb\train\mask\UnscaledAccRecord893554_1201_1305_RSN1258.png,dataset_rgb\train\target\UnscaledAccRecord893554_1201_1305_RSN1258.png
train,UnscaledAccRecord893554_1201_1305_RSN1259,dataset_rgb\train\ground\UnscaledAccRecord893554_1201_1305_RSN1259.png,dataset_rgb\train\sensor\UnscaledAccRecord893554_1201_1305_RSN1259.png,dataset_rgb\train\mask\UnscaledAccRecord893554_1201_1305_RSN1259.png,dataset_rgb\train\target\UnscaledAccRecord893554_1201_1305_RSN1259.png
train,UnscaledAccRecord893554_1201_1305_RSN1260,dataset_rgb\train\ground\UnscaledAccRecord893554_1201_1305_RSN1260.png,dataset_rgb\train\sensor\UnscaledAccRecord893554_1201_1305_RSN1260.png,dataset_rgb\train\mask\UnscaledAccRecord893554_1201_1305_RSN1260.png,dataset_rgb\train\target\UnscaledAccRecord893554_1201_1305_RSN1260.png
train,UnscaledAccRecord893554_1201_1305_RSN1261,dataset_rgb\train\ground\UnscaledAccRecord893554_1201_1305_RSN1261.png,dataset_rgb\train\sensor\UnscaledAccRecord893554_1201_1305_RSN1261.png,dataset_rgb\train\mask\UnscaledAccRecord893554_1201_1305_RSN1261.png,dataset_rgb\train\target\UnscaledAccRecord893554_1201_1305_RSN1261.png
train,UnscaledAccRecord893554_1201_1305_RSN1262,dataset_rgb\train\ground\UnscaledAccRecord893554_1201_1305_RSN1262.png,dataset_rgb\train\sensor\UnscaledAccRecord893554_1201_1305_RSN1262.png,dataset_rgb\train\mask\UnscaledAccRecord893554_1201_1305_RSN1262.png,dataset_rgb\train\target\UnscaledAccRecord893554_1201_1305_RSN1262.png
train,UnscaledAccRecord893554_1201_1305_RSN1263,dataset_rgb\train\ground\UnscaledAccRecord893554_1201_1305_RSN1263.png,dataset_rgb\train\sensor\UnscaledAccRecord893554_1201_1305_RSN1263.png,dataset_rgb\train\mask\UnscaledAccRecord893554_1201_1305_RSN1263.png,dataset_rgb\train\target\UnscaledAccRecord893554_1201_1305_RSN1263.png
train,UnscaledAccRecord893554_1201_1305_RSN1264,dataset_rgb\train\ground\UnscaledAccRecord893554_1201_1305_RSN1264.png,dataset_rgb\train\sensor\UnscaledAccRecord893554_1201_1305_RSN1264.png,dataset_rgb\train\mask\UnscaledAccRecord893554_1201_1305_RSN1264.png,dataset_rgb\train\target\UnscaledAccRecord893554_1201_1305_RSN1264.png
train,UnscaledAccRecord893554_1201_1305_RSN1265,dataset_rgb\train\ground\UnscaledAccRecord893554_1201_1305_RSN1265.png,dataset_rgb\train\sensor\UnscaledAccRecord893554_1201_1305_RSN1265.png,dataset_rgb\train\mask\UnscaledAccRecord893554_1201_1305_RSN1265.png,dataset_rgb\train\target\UnscaledAccRecord893554_1201_1305_RSN1265.png
train,UnscaledAccRecord893554_1201_1305_RSN1267,dataset_rgb\train\ground\UnscaledAccRecord893554_1201_1305_RSN1267.png,dataset_rgb\train\sensor\UnscaledAccRecord893554_1201_1305_RSN1267.png,dataset_rgb\train\mask\UnscaledAccRecord893554_1201_1305_RSN1267.png,dataset_rgb\train\target\UnscaledAccRecord893554_1201_1305_RSN1267.png
train,UnscaledAccRecord893554_1201_1305_RSN1268,dataset_rgb\train\ground\UnscaledAccRecord893554_1201_1305_RSN1268.png,dataset_rgb\train\sensor\UnscaledAccRecord893554_1201_1305_RSN1268.png,dataset_rgb\train\mask\UnscaledAccRecord893554_1201_1305_RSN1268.png,dataset_rgb\train\target\UnscaledAccRecord893554_1201_1305_RSN1268.png
train,UnscaledAccRecord893554_1201_1305_RSN1269,dataset_rgb\train\ground\UnscaledAccRecord893554_1201_1305_RSN1269.png,dataset_rgb\train\sensor\UnscaledAccRecord893554_1201_1305_RSN1269.png,dataset_rgb\train\mask\UnscaledAccRecord893554_1201_1305_RSN1269.png,dataset_rgb\train\target\UnscaledAccRecord893554_1201_1305_RSN1269.png
train,UnscaledAccRecord893554_1201_1305_RSN1270,dataset_rgb\train\ground\UnscaledAccRecord893554_1201_1305_RSN1270.png,dataset_rgb\train\sensor\UnscaledAccRecord893554_1201_1305_RSN1270.png,dataset_rgb\train\mask\UnscaledAccRecord893554_1201_1305_RSN1270.png,dataset_rgb\train\target\UnscaledAccRecord893554_1201_1305_RSN1270.png
train,UnscaledAccRecord893554_1201_1305_RSN1271,dataset_rgb\train\ground\UnscaledAccRecord893554_1201_1305_RSN1271.png,dataset_rgb\train\sensor\UnscaledAccRecord893554_1201_1305_RSN1271.png,dataset_rgb\train\mask\UnscaledAccRecord893554_1201_1305_RSN1271.png,dataset_rgb\train\target\UnscaledAccRecord893554_1201_1305_RSN1271.png
train,UnscaledAccRecord893554_1201_1305_RSN1272,dataset_rgb\train\ground\UnscaledAccRecord893554_1201_1305_RSN1272.png,dataset_rgb\train\sensor\UnscaledAccRecord893554_1201_1305_RSN1272.png,dataset_rgb\train\mask\UnscaledAccRecord893554_1201_1305_RSN1272.png,dataset_rgb\train\target\UnscaledAccRecord893554_1201_1305_RSN1272.png
train,UnscaledAccRecord893554_1201_1305_RSN1273,dataset_rgb\train\ground\UnscaledAccRecord893554_1201_1305_RSN1273.png,dataset_rgb\train\sensor\UnscaledAccRecord893554_1201_1305_RSN1273.png,dataset_rgb\train\mask\UnscaledAccRecord893554_1201_1305_RSN1273.png,dataset_rgb\train\target\UnscaledAccRecord893554_1201_1305_RSN1273.png
train,UnscaledAccRecord893554_1201_1305_RSN1274,dataset_rgb\train\ground\UnscaledAccRecord893554_1201_1305_RSN1274.png,dataset_rgb\train\sensor\UnscaledAccRecord893554_1201_1305_RSN1274.png,dataset_rgb\train\mask\UnscaledAccRecord893554_1201_1305_RSN1274.png,dataset_rgb\train\target\UnscaledAccRecord893554_1201_1305_RSN1274.png
train,UnscaledAccRecord893554_1201_1305_RSN1275,dataset_rgb\train\ground\UnscaledAccRecord893554_1201_1305_RSN1275.png,dataset_rgb\train\sensor\UnscaledAccRecord893554_1201_1305_RSN1275.png,dataset_rgb\train\mask\UnscaledAccRecord893554_1201_1305_RSN1275.png,dataset_rgb\train\target\UnscaledAccRecord893554_1201_1305_RSN1275.png
train,UnscaledAccRecord893554_1201_1305_RSN1276,dataset_rgb\train\ground\UnscaledAccRecord893554_1201_1305_RSN1276.png,dataset_rgb\train\sensor\UnscaledAccRecord893554_1201_1305_RSN1276.png,dataset_rgb\train\mask\UnscaledAccRecord893554_1201_1305_RSN1276.png,dataset_rgb\train\target\UnscaledAccRecord893554_1201_1305_RSN1276.png
train,UnscaledAccRecord893554_1201_1305_RSN1278,dataset_rgb\train\ground\UnscaledAccRecord893554_1201_1305_RSN1278.png,dataset_rgb\train\sensor\UnscaledAccRecord893554_1201_1305_RSN1278.png,dataset_rgb\train\mask\UnscaledAccRecord893554_1201_1305_RSN1278.png,dataset_rgb\train\target\UnscaledAccRecord893554_1201_1305_RSN1278.png
train,UnscaledAccRecord893554_1201_1305_RSN1280,dataset_rgb\train\ground\UnscaledAccRecord893554_1201_1305_RSN1280.png,dataset_rgb\train\sensor\UnscaledAccRecord893554_1201_1305_RSN1280.png,dataset_rgb\train\mask\UnscaledAccRecord893554_1201_1305_RSN1280.png,dataset_rgb\train\target\UnscaledAccRecord893554_1201_1305_RSN1280.png
train,UnscaledAccRecord893554_1201_1305_RSN1281,dataset_rgb\train\ground\UnscaledAccRecord893554_1201_1305_RSN1281.png,dataset_rgb\train\sensor\UnscaledAccRecord893554_1201_1305_RSN1281.png,dataset_rgb\train\mask\UnscaledAccRecord893554_1201_1305_RSN1281.png,dataset_rgb\train\target\UnscaledAccRecord893554_1201_1305_RSN1281.png
train,UnscaledAccRecord893554_1201_1305_RSN1282,dataset_rgb\train\ground\UnscaledAccRecord893554_1201_1305_RSN1282.png,dataset_rgb\train\sensor\UnscaledAccRecord893554_1201_1305_RSN1282.png,dataset_rgb\train\mask\UnscaledAccRecord893554_1201_1305_RSN1282.png,dataset_rgb\train\target\UnscaledAccRecord893554_1201_1305_RSN1282.png
train,UnscaledAccRecord893554_1201_1305_RSN1283,dataset_rgb\train\ground\UnscaledAccRecord893554_1201_1305_RSN1283.png,dataset_rgb\train\sensor\UnscaledAccRecord893554_1201_1305_RSN1283.png,dataset_rgb\train\mask\UnscaledAccRecord893554_1201_1305_RSN1283.png,dataset_rgb\train\target\UnscaledAccRecord893554_1201_1305_RSN1283.png
train,UnscaledAccRecord893554_1201_1305_RSN1284,dataset_rgb\train\ground\UnscaledAccRecord893554_1201_1305_RSN1284.png,dataset_rgb\train\sensor\UnscaledAccRecord893554_1201_1305_RSN1284.png,dataset_rgb\train\mask\UnscaledAccRecord893554_1201_1305_RSN1284.png,dataset_rgb\train\target\UnscaledAccRecord893554_1201_1305_RSN1284.png
train,UnscaledAccRecord893554_1201_1305_RSN1286,dataset_rgb\train\ground\UnscaledAccRecord893554_1201_1305_RSN1286.png,dataset_rgb\train\sensor\UnscaledAccRecord893554_1201_1305_RSN1286.png,dataset_rgb\train\mask\UnscaledAccRecord893554_1201_1305_RSN1286.png,dataset_rgb\train\target\UnscaledAccRecord893554_1201_1305_RSN1286.png
train,UnscaledAccRecord893554_1201_1305_RSN1288,dataset_rgb\train\ground\UnscaledAccRecord893554_1201_1305_RSN1288.png,dataset_rgb\train\sensor\UnscaledAccRecord893554_1201_1305_RSN1288.png,dataset_rgb\train\mask\UnscaledAccRecord893554_1201_1305_RSN1288.png,dataset_rgb\train\target\UnscaledAccRecord893554_1201_1305_RSN1288.png
train,UnscaledAccRecord893554_1201_1305_RSN1289,dataset_rgb\train\ground\UnscaledAccRecord893554_1201_1305_RSN1289.png,dataset_rgb\train\sensor\UnscaledAccRecord893554_1201_1305_RSN1289.png,dataset_rgb\train\mask\UnscaledAccRecord893554_1201_1305_RSN1289.png,dataset_rgb\train\target\UnscaledAccRecord893554_1201_1305_RSN1289.png
train,UnscaledAccRecord893554_1201_1305_RSN1290,dataset_rgb\train\ground\UnscaledAccRecord893554_1201_1305_RSN1290.png,dataset_rgb\train\sensor\UnscaledAccRecord893554_1201_1305_RSN1290.png,dataset_rgb\train\mask\UnscaledAccRecord893554_1201_1305_RSN1290.png,dataset_rgb\train\target\UnscaledAccRecord893554_1201_1305_RSN1290.png
train,UnscaledAccRecord893554_1201_1305_RSN1291,dataset_rgb\train\ground\UnscaledAccRecord893554_1201_1305_RSN1291.png,dataset_rgb\train\sensor\UnscaledAccRecord893554_1201_1305_RSN1291.png,dataset_rgb\train\mask\UnscaledAccRecord893554_1201_1305_RSN1291.png,dataset_rgb\train\target\UnscaledAccRecord893554_1201_1305_RSN1291.png
train,UnscaledAccRecord893554_1201_1305_RSN1292,dataset_rgb\train\ground\UnscaledAccRecord893554_1201_1305_RSN1292.png,dataset_rgb\train\sensor\UnscaledAccRecord893554_1201_1305_RSN1292.png,dataset_rgb\train\mask\UnscaledAccRecord893554_1201_1305_RSN1292.png,dataset_rgb\train\target\UnscaledAccRecord893554_1201_1305_RSN1292.png
train,UnscaledAccRecord893554_1201_1305_RSN1293,dataset_rgb\train\ground\UnscaledAccRecord893554_1201_1305_RSN1293.png,dataset_rgb\train\sensor\UnscaledAccRecord893554_1201_1305_RSN1293.png,dataset_rgb\train\mask\UnscaledAccRecord893554_1201_1305_RSN1293.png,dataset_rgb\train\target\UnscaledAccRecord893554_1201_1305_RSN1293.png
train,UnscaledAccRecord893554_1201_1305_RSN1294,dataset_rgb\train\ground\UnscaledAccRecord893554_1201_1305_RSN1294.png,dataset_rgb\train\sensor\UnscaledAccRecord893554_1201_1305_RSN1294.png,dataset_rgb\train\mask\UnscaledAccRecord893554_1201_1305_RSN1294.png,dataset_rgb\train\target\UnscaledAccRecord893554_1201_1305_RSN1294.png
train,UnscaledAccRecord893554_1201_1305_RSN1296,dataset_rgb\train\ground\UnscaledAccRecord893554_1201_1305_RSN1296.png,dataset_rgb\train\sensor\UnscaledAccRecord893554_1201_1305_RSN1296.png,dataset_rgb\train\mask\UnscaledAccRecord893554_1201_1305_RSN1296.png,dataset_rgb\train\target\UnscaledAccRecord893554_1201_1305_RSN1296.png
train,UnscaledAccRecord893554_1201_1305_RSN1302,dataset_rgb\train\ground\UnscaledAccRecord893554_1201_1305_RSN1302.png,dataset_rgb\train\sensor\UnscaledAccRecord893554_1201_1305_RSN1302.png,dataset_rgb\train\mask\UnscaledAccRecord893554_1201_1305_RSN1302.png,dataset_rgb\train\target\UnscaledAccRecord893554_1201_1305_RSN1302.png
train,UnscaledAccRecord893554_1201_1305_RSN1303,dataset_rgb\train\ground\UnscaledAccRecord893554_1201_1305_RSN1303.png,dataset_rgb\train\sensor\UnscaledAccRecord893554_1201_1305_RSN1303.png,dataset_rgb\train\mask\UnscaledAccRecord893554_1201_1305_RSN1303.png,dataset_rgb\train\target\UnscaledAccRecord893554_1201_1305_RSN1303.png
train,UnscaledAccRecord893554_1501_1607_RSN1501,dataset_rgb\train\ground\UnscaledAccRecord893554_1501_1607_RSN1501.png,dataset_rgb\train\sensor\UnscaledAccRecord893554_1501_1607_RSN1501.png,dataset_rgb\train\mask\UnscaledAccRecord893554_1501_1607_RSN1501.png,dataset_rgb\train\target\UnscaledAccRecord893554_1501_1607_RSN1501.png
train,UnscaledAccRecord893554_1501_1607_RSN1503,dataset_rgb\train\ground\UnscaledAccRecord893554_1501_1607_RSN1503.png,dataset_rgb\train\sensor\UnscaledAccRecord893554_1501_1607_RSN1503.png,dataset_rgb\train\mask\UnscaledAccRecord893554_1501_1607_RSN1503.png,dataset_rgb\train\target\UnscaledAccRecord893554_1501_1607_RSN1503.png
train,UnscaledAccRecord893554_1501_1607_RSN1505,dataset_rgb\train\ground\UnscaledAccRecord893554_1501_1607_RSN1505.png,dataset_rgb\train\sensor\UnscaledAccRecord893554_1501_1607_RSN1505.png,dataset_rgb\train\mask\UnscaledAccRecord893554_1501_1607_RSN1505.png,dataset_rgb\train\target\UnscaledAccRecord893554_1501_1607_RSN1505.png
train,UnscaledAccRecord893554_1501_1607_RSN1508,dataset_rgb\train\ground\UnscaledAccRecord893554_1501_1607_RSN1508.png,dataset_rgb\train\sensor\UnscaledAccRecord893554_1501_1607_RSN1508.png,dataset_rgb\train\mask\UnscaledAccRecord893554_1501_1607_RSN1508.png,dataset_rgb\train\target\UnscaledAccRecord893554_1501_1607_RSN1508.png
train,UnscaledAccRecord893554_1501_1607_RSN1509,dataset_rgb\train\ground\UnscaledAccRecord893554_1501_1607_RSN1509.png,dataset_rgb\train\sensor\UnscaledAccRecord893554_1501_1607_RSN1509.png,dataset_rgb\train\mask\UnscaledAccRecord893554_1501_1607_RSN1509.png,dataset_rgb\train\target\UnscaledAccRecord893554_1501_1607_RSN1509.png
train,UnscaledAccRecord893554_1501_1607_RSN1511,dataset_rgb\train\ground\UnscaledAccRecord893554_1501_1607_RSN1511.png,dataset_rgb\train\sensor\UnscaledAccRecord893554_1501_1607_RSN1511.png,dataset_rgb\train\mask\UnscaledAccRecord893554_1501_1607_RSN1511.png,dataset_rgb\train\target\UnscaledAccRecord893554_1501_1607_RSN1511.png
train,UnscaledAccRecord893554_1501_1607_RSN1514,dataset_rgb\train\ground\UnscaledAccRecord893554_1501_1607_RSN1514.png,dataset_rgb\train\sensor\UnscaledAccRecord893554_1501_1607_RSN1514.png,dataset_rgb\train\mask\UnscaledAccRecord893554_1501_1607_RSN1514.png,dataset_rgb\train\target\UnscaledAccRecord893554_1501_1607_RSN1514.png
train,UnscaledAccRecord893554_1501_1607_RSN1515,dataset_rgb\train\ground\UnscaledAccRecord893554_1501_1607_RSN1515.png,dataset_rgb\train\sensor\UnscaledAccRecord893554_1501_1607_RSN1515.png,dataset_rgb\train\mask\UnscaledAccRecord893554_1501_1607_RSN1515.png,dataset_rgb\train\target\UnscaledAccRecord893554_1501_1607_RSN1515.png
train,UnscaledAccRecord893554_1501_1607_RSN1516,dataset_rgb\train\ground\UnscaledAccRecord893554_1501_1607_RSN1516.png,dataset_rgb\train\sensor\UnscaledAccRecord893554_1501_1607_RSN1516.png,dataset_rgb\train\mask\UnscaledAccRecord893554_1501_1607_RSN1516.png,dataset_rgb\train\target\UnscaledAccRecord893554_1501_1607_RSN1516.png
train,UnscaledAccRecord893554_1501_1607_RSN1517,dataset_rgb\train\ground\UnscaledAccRecord893554_1501_1607_RSN1517.png,dataset_rgb\train\sensor\UnscaledAccRecord893554_1501_1607_RSN1517.png,dataset_rgb\train\mask\UnscaledAccRecord893554_1501_1607_RSN1517.png,dataset_rgb\train\target\UnscaledAccRecord893554_1501_1607_RSN1517.png
train,UnscaledAccRecord893554_1501_1607_RSN1518,dataset_rgb\train\ground\UnscaledAccRecord893554_1501_1607_RSN1518.png,dataset_rgb\train\sensor\UnscaledAccRecord893554_1501_1607_RSN1518.png,dataset_rgb\train\mask\UnscaledAccRecord893554_1501_1607_RSN1518.png,dataset_rgb\train\target\UnscaledAccRecord893554_1501_1607_RSN1518.png
train,UnscaledAccRecord893554_1501_1607_RSN1519,dataset_rgb\train\ground\UnscaledAccRecord893554_1501_1607_RSN1519.png,dataset_rgb\train\sensor\UnscaledAccRecord893554_1501_1607_RSN1519.png,dataset_rgb\train\mask\UnscaledAccRecord893554_1501_1607_RSN1519.png,dataset_rgb\train\target\UnscaledAccRecord893554_1501_1607_RSN1519.png
train,UnscaledAccRecord893554_1501_1607_RSN1521,dataset_rgb\train\ground\UnscaledAccRecord893554_1501_1607_RSN1521.png,dataset_rgb\train\sensor\UnscaledAccRecord893554_1501_1607_RSN1521.png,dataset_rgb\train\mask\UnscaledAccRecord893554_1501_1607_RSN1521.png,dataset_rgb\train\target\UnscaledAccRecord893554_1501_1607_RSN1521.png
train,UnscaledAccRecord893554_1501_1607_RSN1522,dataset_rgb\train\ground\UnscaledAccRecord893554_1501_1607_RSN1522.png,dataset_rgb\train\sensor\UnscaledAccRecord893554_1501_1607_RSN1522.png,dataset_rgb\train\mask\UnscaledAccRecord893554_1501_1607_RSN1522.png,dataset_rgb\train\target\UnscaledAccRecord893554_1501_1607_RSN1522.png
train,UnscaledAccRecord893554_1501_1607_RSN1523,dataset_rgb\train\ground\UnscaledAccRecord893554_1501_1607_RSN1523.png,dataset_rgb\train\sensor\UnscaledAccRecord893554_1501_1607_RSN1523.png,dataset_rgb\train\mask\UnscaledAccRecord893554_1501_1607_RSN1523.png,dataset_rgb\train\target\UnscaledAccRecord893554_1501_1607_RSN1523.png
train,UnscaledAccRecord893554_1501_1607_RSN1527,dataset_rgb\train\ground\UnscaledAccRecord893554_1501_1607_RSN1527.png,dataset_rgb\train\sensor\UnscaledAccRecord893554_1501_1607_RSN1527.png,dataset_rgb\train\mask\UnscaledAccRecord893554_1501_1607_RSN1527.png,dataset_rgb\train\target\UnscaledAccRecord893554_1501_1607_RSN1527.png
train,UnscaledAccRecord893554_1501_1607_RSN1531,dataset_rgb\train\ground\UnscaledAccRecord893554_1501_1607_RSN1531.png,dataset_rgb\train\sensor\UnscaledAccRecord893554_1501_1607_RSN1531.png,dataset_rgb\train\mask\UnscaledAccRecord893554_1501_1607_RSN1531.png,dataset_rgb\train\target\UnscaledAccRecord893554_1501_1607_RSN1531.png
train,UnscaledAccRecord893554_1501_1607_RSN1532,dataset_rgb\train\ground\UnscaledAccRecord893554_1501_1607_RSN1532.png,dataset_rgb\train\sensor\UnscaledAccRecord893554_1501_1607_RSN1532.png,dataset_rgb\train\mask\UnscaledAccRecord893554_1501_1607_RSN1532.png,dataset_rgb\train\target\UnscaledAccRecord893554_1501_1607_RSN1532.png
train,UnscaledAccRecord893554_1501_1607_RSN1533,dataset_rgb\train\ground\UnscaledAccRecord893554_1501_1607_RSN1533.png,dataset_rgb\train\sensor\UnscaledAccRecord893554_1501_1607_RSN1533.png,dataset_rgb\train\mask\UnscaledAccRecord893554_1501_1607_RSN1533.png,dataset_rgb\train\target\UnscaledAccRecord893554_1501_1607_RSN1533.png
train,UnscaledAccRecord893554_1501_1607_RSN1534,dataset_rgb\train\ground\UnscaledAccRecord893554_1501_1607_RSN1534.png,dataset_rgb\train\sensor\UnscaledAccRecord893554_1501_1607_RSN1534.png,dataset_rgb\train\mask\UnscaledAccRecord893554_1501_1607_RSN1534.png,dataset_rgb\train\target\UnscaledAccRecord893554_1501_1607_RSN1534.png
train,UnscaledAccRecord893554_1501_1607_RSN1536,dataset_rgb\train\ground\UnscaledAccRecord893554_1501_1607_RSN1536.png,dataset_rgb\train\sensor\UnscaledAccRecord893554_1501_1607_RSN1536.png,dataset_rgb\train\mask\UnscaledAccRecord893554_1501_1607_RSN1536.png,dataset_rgb\train\target\UnscaledAccRecord893554_1501_1607_RSN1536.png
train,UnscaledAccRecord893554_1501_1607_RSN1537,dataset_rgb\train\ground\UnscaledAccRecord893554_1501_1607_RSN1537.png,dataset_rgb\train\sensor\UnscaledAccRecord893554_1501_1607_RSN1537.png,dataset_rgb\train\mask\UnscaledAccRecord893554_1501_1607_RSN1537.png,dataset_rgb\train\target\UnscaledAccRecord893554_1501_1607_RSN1537.png
train,UnscaledAccRecord893554_1501_1607_RSN1540,dataset_rgb\train\ground\UnscaledAccRecord893554_1501_1607_RSN1540.png,dataset_rgb\train\sensor\UnscaledAccRecord893554_1501_1607_RSN1540.png,dataset_rgb\train\mask\UnscaledAccRecord893554_1501_1607_RSN1540.png,dataset_rgb\train\target\UnscaledAccRecord893554_1501_1607_RSN1540.png
train,UnscaledAccRecord893554_1501_1607_RSN1541,dataset_rgb\train\ground\UnscaledAccRecord893554_1501_1607_RSN1541.png,dataset_rgb\train\sensor\UnscaledAccRecord893554_1501_1607_RSN1541.png,dataset_rgb\train\mask\UnscaledAccRecord893554_1501_1607_RSN1541.png,dataset_rgb\train\target\UnscaledAccRecord893554_1501_1607_RSN1541.png
train,UnscaledAccRecord893554_1501_1607_RSN1542,dataset_rgb\train\ground\UnscaledAccRecord893554_1501_1607_RSN1542.png,dataset_rgb\train\sensor\UnscaledAccRecord893554_1501_1607_RSN1542.png,dataset_rgb\train\mask\UnscaledAccRecord893554_1501_1607_RSN1542.png,dataset_rgb\train\target\UnscaledAccRecord893554_1501_1607_RSN1542.png
train,UnscaledAccRecord893554_1501_1607_RSN1543,dataset_rgb\train\ground\UnscaledAccRecord893554_1501_1607_RSN1543.png,dataset_rgb\train\sensor\UnscaledAccRecord893554_1501_1607_RSN1543.png,dataset_rgb\train\mask\UnscaledAccRecord893554_1501_1607_RSN1543.png,dataset_rgb\train\target\UnscaledAccRecord893554_1501_1607_RSN1543.png
train,UnscaledAccRecord893554_1501_1607_RSN1544,dataset_rgb\train\ground\UnscaledAccRecord893554_1501_1607_RSN1544.png,dataset_rgb\train\sensor\UnscaledAccRecord893554_1501_1607_RSN1544.png,dataset_rgb\train\mask\UnscaledAccRecord893554_1501_1607_RSN1544.png,dataset_rgb\train\target\UnscaledAccRecord893554_1501_1607_RSN1544.png
train,UnscaledAccRecord893554_1501_1607_RSN1545,dataset_rgb\train\ground\UnscaledAccRecord893554_1501_1607_RSN1545.png,dataset_rgb\train\sensor\UnscaledAccRecord893554_1501_1607_RSN1545.png,dataset_rgb\train\mask\UnscaledAccRecord893554_1501_1607_RSN1545.png,dataset_rgb\train\target\UnscaledAccRecord893554_1501_1607_RSN1545.png
train,UnscaledAccRecord893554_1501_1607_RSN1546,dataset_rgb\train\ground\UnscaledAccRecord893554_1501_1607_RSN1546.png,dataset_rgb\train\sensor\UnscaledAccRecord893554_1501_1607_RSN1546.png,dataset_rgb\train\mask\UnscaledAccRecord893554_1501_1607_RSN1546.png,dataset_rgb\train\target\UnscaledAccRecord893554_1501_1607_RSN1546.png
train,UnscaledAccRecord893554_1501_1607_RSN1547,dataset_rgb\train\ground\UnscaledAccRecord893554_1501_1607_RSN1547.png,dataset_rgb\train\sensor\UnscaledAccRecord893554_1501_1607_RSN1547.png,dataset_rgb\train\mask\UnscaledAccRecord893554_1501_1607_RSN1547.png,dataset_rgb\train\target\UnscaledAccRecord893554_1501_1607_RSN1547.png
train,UnscaledAccRecord893554_1501_1607_RSN1548,dataset_rgb\train\ground\UnscaledAccRecord893554_1501_1607_RSN1548.png,dataset_rgb\train\sensor\UnscaledAccRecord893554_1501_1607_RSN1548.png,dataset_rgb\train\mask\UnscaledAccRecord893554_1501_1607_RSN1548.png,dataset_rgb\train\target\UnscaledAccRecord893554_1501_1607_RSN1548.png
train,UnscaledAccRecord893554_1501_1607_RSN1550,dataset_rgb\train\ground\UnscaledAccRecord893554_1501_1607_RSN1550.png,dataset_rgb\train\sensor\UnscaledAccRecord893554_1501_1607_RSN1550.png,dataset_rgb\train\mask\UnscaledAccRecord893554_1501_1607_RSN1550.png,dataset_rgb\train\target\UnscaledAccRecord893554_1501_1607_RSN1550.png
train,UnscaledAccRecord893554_1501_1607_RSN1551,dataset_rgb\train\ground\UnscaledAccRecord893554_1501_1607_RSN1551.png,dataset_rgb\train\sensor\UnscaledAccRecord893554_1501_1607_RSN1551.png,dataset_rgb\train\mask\UnscaledAccRecord893554_1501_1607_RSN1551.png,dataset_rgb\train\target\UnscaledAccRecord893554_1501_1607_RSN1551.png
train,UnscaledAccRecord893554_1501_1607_RSN1553,dataset_rgb\train\ground\UnscaledAccRecord893554_1501_1607_RSN1553.png,dataset_rgb\train\sensor\UnscaledAccRecord893554_1501_1607_RSN1553.png,dataset_rgb\train\mask\UnscaledAccRecord893554_1501_1607_RSN1553.png,dataset_rgb\train\target\UnscaledAccRecord893554_1501_1607_RSN1553.png
train,UnscaledAccRecord893554_1501_1607_RSN1554,dataset_rgb\train\ground\UnscaledAccRecord893554_1501_1607_RSN1554.png,dataset_rgb\train\sensor\UnscaledAccRecord893554_1501_1607_RSN1554.png,dataset_rgb\train\mask\UnscaledAccRecord893554_1501_1607_RSN1554.png,dataset_rgb\train\target\UnscaledAccRecord893554_1501_1607_RSN1554.png
train,UnscaledAccRecord893554_1501_1607_RSN1555,dataset_rgb\train\ground\UnscaledAccRecord893554_1501_1607_RSN1555.png,dataset_rgb\train\sensor\UnscaledAccRecord893554_1501_1607_RSN1555.png,dataset_rgb\train\mask\UnscaledAccRecord893554_1501_1607_RSN1555.png,dataset_rgb\train\target\UnscaledAccRecord893554_1501_1607_RSN1555.png
train,UnscaledAccRecord893554_1501_1607_RSN1557,dataset_rgb\train\ground\UnscaledAccRecord893554_1501_1607_RSN1557.png,dataset_rgb\train\sensor\UnscaledAccRecord893554_1501_1607_RSN1557.png,dataset_rgb\train\mask\UnscaledAccRecord893554_1501_1607_RSN1557.png,dataset_rgb\train\target\UnscaledAccRecord893554_1501_1607_RSN1557.png
train,UnscaledAccRecord893554_1501_1607_RSN1559,dataset_rgb\train\ground\UnscaledAccRecord893554_1501_1607_RSN1559.png,dataset_rgb\train\sensor\UnscaledAccRecord893554_1501_1607_RSN1559.png,dataset_rgb\train\mask\UnscaledAccRecord893554_1501_1607_RSN1559.png,dataset_rgb\train\target\UnscaledAccRecord893554_1501_1607_RSN1559.png
train,UnscaledAccRecord893554_1501_1607_RSN1560,dataset_rgb\train\ground\UnscaledAccRecord893554_1501_1607_RSN1560.png,dataset_rgb\train\sensor\UnscaledAccRecord893554_1501_1607_RSN1560.png,dataset_rgb\train\mask\UnscaledAccRecord893554_1501_1607_RSN1560.png,dataset_rgb\train\target\UnscaledAccRecord893554_1501_1607_RSN1560.png
train,UnscaledAccRecord893554_1501_1607_RSN1561,dataset_rgb\train\ground\UnscaledAccRecord893554_1501_1607_RSN1561.png,dataset_rgb\train\sensor\UnscaledAccRecord893554_1501_1607_RSN1561.png,dataset_rgb\train\mask\UnscaledAccRecord893554_1501_1607_RSN1561.png,dataset_rgb\train\target\UnscaledAccRecord893554_1501_1607_RSN1561.png
train,UnscaledAccRecord893554_1501_1607_RSN1562,dataset_rgb\train\ground\UnscaledAccRecord893554_1501_1607_RSN1562.png,dataset_rgb\train\sensor\UnscaledAccRecord893554_1501_1607_RSN1562.png,dataset_rgb\train\mask\UnscaledAccRecord893554_1501_1607_RSN1562.png,dataset_rgb\train\target\UnscaledAccRecord893554_1501_1607_RSN1562.png
train,UnscaledAccRecord893554_1501_1607_RSN1563,dataset_rgb\train\ground\UnscaledAccRecord893554_1501_1607_RSN1563.png,dataset_rgb\train\sensor\UnscaledAccRecord893554_1501_1607_RSN1563.png,dataset_rgb\train\mask\UnscaledAccRecord893554_1501_1607_RSN1563.png,dataset_rgb\train\target\UnscaledAccRecord893554_1501_1607_RSN1563.png
train,UnscaledAccRecord893554_1501_1607_RSN1564,dataset_rgb\train\ground\UnscaledAccRecord893554_1501_1607_RSN1564.png,dataset_rgb\train\sensor\UnscaledAccRecord893554_1501_1607_RSN1564.png,dataset_rgb\train\mask\UnscaledAccRecord893554_1501_1607_RSN1564.png,dataset_rgb\train\target\UnscaledAccRecord893554_1501_1607_RSN1564.png
train,UnscaledAccRecord893554_1501_1607_RSN1565,dataset_rgb\train\ground\UnscaledAccRecord893554_1501_1607_RSN1565.png,dataset_rgb\train\sensor\UnscaledAccRecord893554_1501_1607_RSN1565.png,dataset_rgb\train\mask\UnscaledAccRecord893554_1501_1607_RSN1565.png,dataset_rgb\train\target\UnscaledAccRecord893554_1501_1607_RSN1565.png
train,UnscaledAccRecord893554_1501_1607_RSN1567,dataset_rgb\train\ground\UnscaledAccRecord893554_1501_1607_RSN1567.png,dataset_rgb\train\sensor\UnscaledAccRecord893554_1501_1607_RSN1567.png,dataset_rgb\train\mask\UnscaledAccRecord893554_1501_1607_RSN1567.png,dataset_rgb\train\target\UnscaledAccRecord893554_1501_1607_RSN1567.png
train,UnscaledAccRecord893554_1501_1607_RSN1568,dataset_rgb\train\ground\UnscaledAccRecord893554_1501_1607_RSN1568.png,dataset_rgb\train\sensor\UnscaledAccRecord893554_1501_1607_RSN1568.png,dataset_rgb\train\mask\UnscaledAccRecord893554_1501_1607_RSN1568.png,dataset_rgb\train\target\UnscaledAccRecord893554_1501_1607_RSN1568.png
train,UnscaledAccRecord893554_1501_1607_RSN1569,dataset_rgb\train\ground\UnscaledAccRecord893554_1501_1607_RSN1569.png,dataset_rgb\train\sensor\UnscaledAccRecord893554_1501_1607_RSN1569.png,dataset_rgb\train\mask\UnscaledAccRecord893554_1501_1607_RSN1569.png,dataset_rgb\train\target\UnscaledAccRecord893554_1501_1607_RSN1569.png
train,UnscaledAccRecord893554_1501_1607_RSN1571,dataset_rgb\train\ground\UnscaledAccRecord893554_1501_1607_RSN1571.png,dataset_rgb\train\sensor\UnscaledAccRecord893554_1501_1607_RSN1571.png,dataset_rgb\train\mask\UnscaledAccRecord893554_1501_1607_RSN1571.png,dataset_rgb\train\target\UnscaledAccRecord893554_1501_1607_RSN1571.png
train,UnscaledAccRecord893554_1501_1607_RSN1572,dataset_rgb\train\ground\UnscaledAccRecord893554_1501_1607_RSN1572.png,dataset_rgb\train\sensor\UnscaledAccRecord893554_1501_1607_RSN1572.png,dataset_rgb\train\mask\UnscaledAccRecord893554_1501_1607_RSN1572.png,dataset_rgb\train\target\UnscaledAccRecord893554_1501_1607_RSN1572.png
train,UnscaledAccRecord893554_1501_1607_RSN1575,dataset_rgb\train\ground\UnscaledAccRecord893554_1501_1607_RSN1575.png,dataset_rgb\train\sensor\UnscaledAccRecord893554_1501_1607_RSN1575.png,dataset_rgb\train\mask\UnscaledAccRecord893554_1501_1607_RSN1575.png,dataset_rgb\train\target\UnscaledAccRecord893554_1501_1607_RSN1575.png
train,UnscaledAccRecord893554_1501_1607_RSN1576,dataset_rgb\train\ground\UnscaledAccRecord893554_1501_1607_RSN1576.png,dataset_rgb\train\sensor\UnscaledAccRecord893554_1501_1607_RSN1576.png,dataset_rgb\train\mask\UnscaledAccRecord893554_1501_1607_RSN1576.png,dataset_rgb\train\target\UnscaledAccRecord893554_1501_1607_RSN1576.png
train,UnscaledAccRecord893554_1501_1607_RSN1577,dataset_rgb\train\ground\UnscaledAccRecord893554_1501_1607_RSN1577.png,dataset_rgb\train\sensor\UnscaledAccRecord893554_1501_1607_RSN1577.png,dataset_rgb\train\mask\UnscaledAccRecord893554_1501_1607_RSN1577.png,dataset_rgb\train\target\UnscaledAccRecord893554_1501_1607_RSN1577.png
train,UnscaledAccRecord893554_1501_1607_RSN1578,dataset_rgb\train\ground\UnscaledAccRecord893554_1501_1607_RSN1578.png,dataset_rgb\train\sensor\UnscaledAccRecord893554_1501_1607_RSN1578.png,dataset_rgb\train\mask\UnscaledAccRecord893554_1501_1607_RSN1578.png,dataset_rgb\train\target\UnscaledAccRecord893554_1501_1607_RSN1578.png
train,UnscaledAccRecord893554_1501_1607_RSN1579,dataset_rgb\train\ground\UnscaledAccRecord893554_1501_1607_RSN1579.png,dataset_rgb\train\sensor\UnscaledAccRecord893554_1501_1607_RSN1579.png,dataset_rgb\train\mask\UnscaledAccRecord893554_1501_1607_RSN1579.png,dataset_rgb\train\target\UnscaledAccRecord893554_1501_1607_RSN1579.png
train,UnscaledAccRecord893554_1501_1607_RSN1580,dataset_rgb\train\ground\UnscaledAccRecord893554_1501_1607_RSN1580.png,dataset_rgb\train\sensor\UnscaledAccRecord893554_1501_1607_RSN1580.png,dataset_rgb\train\mask\UnscaledAccRecord893554_1501_1607_RSN1580.png,dataset_rgb\train\target\UnscaledAccRecord893554_1501_1607_RSN1580.png
train,UnscaledAccRecord893554_1501_1607_RSN1583,dataset_rgb\train\ground\UnscaledAccRecord893554_1501_1607_RSN1583.png,dataset_rgb\train\sensor\UnscaledAccRecord893554_1501_1607_RSN1583.png,dataset_rgb\train\mask\UnscaledAccRecord893554_1501_1607_RSN1583.png,dataset_rgb\train\target\UnscaledAccRecord893554_1501_1607_RSN1583.png
train,UnscaledAccRecord893554_1501_1607_RSN1584,dataset_rgb\train\ground\UnscaledAccRecord893554_1501_1607_RSN1584.png,dataset_rgb\train\sensor\UnscaledAccRecord893554_1501_1607_RSN1584.png,dataset_rgb\train\mask\UnscaledAccRecord893554_1501_1607_RSN1584.png,dataset_rgb\train\target\UnscaledAccRecord893554_1501_1607_RSN1584.png
train,UnscaledAccRecord893554_1501_1607_RSN1585,dataset_rgb\train\ground\UnscaledAccRecord893554_1501_1607_RSN1585.png,dataset_rgb\train\sensor\UnscaledAccRecord893554_1501_1607_RSN1585.png,dataset_rgb\train\mask\UnscaledAccRecord893554_1501_1607_RSN1585.png,dataset_rgb\train\target\UnscaledAccRecord893554_1501_1607_RSN1585.png
train,UnscaledAccRecord893554_1501_1607_RSN1586,dataset_rgb\train\ground\UnscaledAccRecord893554_1501_1607_RSN1586.png,dataset_rgb\train\sensor\UnscaledAccRecord893554_1501_1607_RSN1586.png,dataset_rgb\train\mask\UnscaledAccRecord893554_1501_1607_RSN1586.png,dataset_rgb\train\target\UnscaledAccRecord893554_1501_1607_RSN1586.png
train,UnscaledAccRecord893554_1501_1607_RSN1587,dataset_rgb\train\ground\UnscaledAccRecord893554_1501_1607_RSN1587.png,dataset_rgb\train\sensor\UnscaledAccRecord893554_1501_1607_RSN1587.png,dataset_rgb\train\mask\UnscaledAccRecord893554_1501_1607_RSN1587.png,dataset_rgb\train\target\UnscaledAccRecord893554_1501_1607_RSN1587.png
train,UnscaledAccRecord893554_1501_1607_RSN1589,dataset_rgb\train\ground\UnscaledAccRecord893554_1501_1607_RSN1589.png,dataset_rgb\train\sensor\UnscaledAccRecord893554_1501_1607_RSN1589.png,dataset_rgb\train\mask\UnscaledAccRecord893554_1501_1607_RSN1589.png,dataset_rgb\train\target\UnscaledAccRecord893554_1501_1607_RSN1589.png
train,UnscaledAccRecord893554_1501_1607_RSN1590,dataset_rgb\train\ground\UnscaledAccRecord893554_1501_1607_RSN1590.png,dataset_rgb\train\sensor\UnscaledAccRecord893554_1501_1607_RSN1590.png,dataset_rgb\train\mask\UnscaledAccRecord893554_1501_1607_RSN1590.png,dataset_rgb\train\target\UnscaledAccRecord893554_1501_1607_RSN1590.png
train,UnscaledAccRecord893554_1501_1607_RSN1592,dataset_rgb\train\ground\UnscaledAccRecord893554_1501_1607_RSN1592.png,dataset_rgb\train\sensor\UnscaledAccRecord893554_1501_1607_RSN1592.png,dataset_rgb\train\mask\UnscaledAccRecord893554_1501_1607_RSN1592.png,dataset_rgb\train\target\UnscaledAccRecord893554_1501_1607_RSN1592.png
train,UnscaledAccRecord893554_1501_1607_RSN1593,dataset_rgb\train\ground\UnscaledAccRecord893554_1501_1607_RSN1593.png,dataset_rgb\train\sensor\UnscaledAccRecord893554_1501_1607_RSN1593.png,dataset_rgb\train\mask\UnscaledAccRecord893554_1501_1607_RSN1593.png,dataset_rgb\train\target\UnscaledAccRecord893554_1501_1607_RSN1593.png
train,UnscaledAccRecord893554_1501_1607_RSN1598,dataset_rgb\train\ground\UnscaledAccRecord893554_1501_1607_RSN1598.png,dataset_rgb\train\sensor\UnscaledAccRecord893554_1501_1607_RSN1598.png,dataset_rgb\train\mask\UnscaledAccRecord893554_1501_1607_RSN1598.png,dataset_rgb\train\target\UnscaledAccRecord893554_1501_1607_RSN1598.png
train,UnscaledAccRecord893554_1501_1607_RSN1600,dataset_rgb\train\ground\UnscaledAccRecord893554_1501_1607_RSN1600.png,dataset_rgb\train\sensor\UnscaledAccRecord893554_1501_1607_RSN1600.png,dataset_rgb\train\mask\UnscaledAccRecord893554_1501_1607_RSN1600.png,dataset_rgb\train\target\UnscaledAccRecord893554_1501_1607_RSN1600.png
train,UnscaledAccRecord893554_1501_1607_RSN1601,dataset_rgb\train\ground\UnscaledAccRecord893554_1501_1607_RSN1601.png,dataset_rgb\train\sensor\UnscaledAccRecord893554_1501_1607_RSN1601.png,dataset_rgb\train\mask\UnscaledAccRecord893554_1501_1607_RSN1601.png,dataset_rgb\train\target\UnscaledAccRecord893554_1501_1607_RSN1601.png
train,UnscaledAccRecord893554_1501_1607_RSN1602,dataset_rgb\train\ground\UnscaledAccRecord893554_1501_1607_RSN1602.png,dataset_rgb\train\sensor\UnscaledAccRecord893554_1501_1607_RSN1602.png,dataset_rgb\train\mask\UnscaledAccRecord893554_1501_1607_RSN1602.png,dataset_rgb\train\target\UnscaledAccRecord893554_1501_1607_RSN1602.png
train,UnscaledAccRecord893554_1501_1607_RSN1604,dataset_rgb\train\ground\UnscaledAccRecord893554_1501_1607_RSN1604.png,dataset_rgb\train\sensor\UnscaledAccRecord893554_1501_1607_RSN1604.png,dataset_rgb\train\mask\UnscaledAccRecord893554_1501_1607_RSN1604.png,dataset_rgb\train\target\UnscaledAccRecord893554_1501_1607_RSN1604.png
train,UnscaledAccRecord893554_1501_1607_RSN1605,dataset_rgb\train\ground\UnscaledAccRecord893554_1501_1607_RSN1605.png,dataset_rgb\train\sensor\UnscaledAccRecord893554_1501_1607_RSN1605.png,dataset_rgb\train\mask\UnscaledAccRecord893554_1501_1607_RSN1605.png,dataset_rgb\train\target\UnscaledAccRecord893554_1501_1607_RSN1605.png
train,UnscaledAccRecord893554_1501_1607_RSN1606,dataset_rgb\train\ground\UnscaledAccRecord893554_1501_1607_RSN1606.png,dataset_rgb\train\sensor\UnscaledAccRecord893554_1501_1607_RSN1606.png,dataset_rgb\train\mask\UnscaledAccRecord893554_1501_1607_RSN1606.png,dataset_rgb\train\target\UnscaledAccRecord893554_1501_1607_RSN1606.png
train,UnscaledAccRecord893554_1501_1607_RSN1607,dataset_rgb\train\ground\UnscaledAccRecord893554_1501_1607_RSN1607.png,dataset_rgb\train\sensor\UnscaledAccRecord893554_1501_1607_RSN1607.png,dataset_rgb\train\mask\UnscaledAccRecord893554_1501_1607_RSN1607.png,dataset_rgb\train\target\UnscaledAccRecord893554_1501_1607_RSN1607.png
train,UnscaledAccRecord893554_1901_2007_RSN1905,dataset_rgb\train\ground\UnscaledAccRecord893554_1901_2007_RSN1905.png,dataset_rgb\train\sensor\UnscaledAccRecord893554_1901_2007_RSN1905.png,dataset_rgb\train\mask\UnscaledAccRecord893554_1901_2007_RSN1905.png,dataset_rgb\train\target\UnscaledAccRecord893554_1901_2007_RSN1905.png
train,UnscaledAccRecord893554_1901_2007_RSN1906,dataset_rgb\train\ground\UnscaledAccRecord893554_1901_2007_RSN1906.png,dataset_rgb\train\sensor\UnscaledAccRecord893554_1901_2007_RSN1906.png,dataset_rgb\train\mask\UnscaledAccRecord893554_1901_2007_RSN1906.png,dataset_rgb\train\target\UnscaledAccRecord893554_1901_2007_RSN1906.png
train,UnscaledAccRecord893554_1901_2007_RSN1907,dataset_rgb\train\ground\UnscaledAccRecord893554_1901_2007_RSN1907.png,dataset_rgb\train\sensor\UnscaledAccRecord893554_1901_2007_RSN1907.png,dataset_rgb\train\mask\UnscaledAccRecord893554_1901_2007_RSN1907.png,dataset_rgb\train\target\UnscaledAccRecord893554_1901_2007_RSN1907.png
train,UnscaledAccRecord893554_1901_2007_RSN1909,dataset_rgb\train\ground\UnscaledAccRecord893554_1901_2007_RSN1909.png,dataset_rgb\train\sensor\UnscaledAccRecord893554_1901_2007_RSN1909.png,dataset_rgb\train\mask\UnscaledAccRecord893554_1901_2007_RSN1909.png,dataset_rgb\train\target\UnscaledAccRecord893554_1901_2007_RSN1909.png
train,UnscaledAccRecord893554_1901_2007_RSN1910,dataset_rgb\train\ground\UnscaledAccRecord893554_1901_2007_RSN1910.png,dataset_rgb\train\sensor\UnscaledAccRecord893554_1901_2007_RSN1910.png,dataset_rgb\train\mask\UnscaledAccRecord893554_1901_2007_RSN1910.png,dataset_rgb\train\target\UnscaledAccRecord893554_1901_2007_RSN1910.png
train,UnscaledAccRecord893554_1901_2007_RSN1911,dataset_rgb\train\ground\UnscaledAccRecord893554_1901_2007_RSN1911.png,dataset_rgb\train\sensor\UnscaledAccRecord893554_1901_2007_RSN1911.png,dataset_rgb\train\mask\UnscaledAccRecord893554_1901_2007_RSN1911.png,dataset_rgb\train\target\UnscaledAccRecord893554_1901_2007_RSN1911.png
train,UnscaledAccRecord893554_1901_2007_RSN1912,dataset_rgb\train\ground\UnscaledAccRecord893554_1901_2007_RSN1912.png,dataset_rgb\train\sensor\UnscaledAccRecord893554_1901_2007_RSN1912.png,dataset_rgb\train\mask\UnscaledAccRecord893554_1901_2007_RSN1912.png,dataset_rgb\train\target\UnscaledAccRecord893554_1901_2007_RSN1912.png
train,UnscaledAccRecord893554_1901_2007_RSN1913,dataset_rgb\train\ground\UnscaledAccRecord893554_1901_2007_RSN1913.png,dataset_rgb\train\sensor\UnscaledAccRecord893554_1901_2007_RSN1913.png,dataset_rgb\train\mask\UnscaledAccRecord893554_1901_2007_RSN1913.png,dataset_rgb\train\target\UnscaledAccRecord893554_1901_2007_RSN1913.png
train,UnscaledAccRecord893554_1901_2007_RSN1914,dataset_rgb\train\ground\UnscaledAccRecord893554_1901_2007_RSN1914.png,dataset_rgb\train\sensor\UnscaledAccRecord893554_1901_2007_RSN1914.png,dataset_rgb\train\mask\UnscaledAccRecord893554_1901_2007_RSN1914.png,dataset_rgb\train\target\UnscaledAccRecord893554_1901_2007_RSN1914.png
train,UnscaledAccRecord893554_1901_2007_RSN1915,dataset_rgb\train\ground\UnscaledAccRecord893554_1901_2007_RSN1915.png,dataset_rgb\train\sensor\UnscaledAccRecord893554_1901_2007_RSN1915.png,dataset_rgb\train\mask\UnscaledAccRecord893554_1901_2007_RSN1915.png,dataset_rgb\train\target\UnscaledAccRecord893554_1901_2007_RSN1915.png
train,UnscaledAccRecord893554_1901_2007_RSN1916,dataset_rgb\train\ground\UnscaledAccRecord893554_1901_2007_RSN1916.png,dataset_rgb\train\sensor\UnscaledAccRecord893554_1901_2007_RSN1916.png,dataset_rgb\train\mask\UnscaledAccRecord893554_1901_2007_RSN1916.png,dataset_rgb\train\target\UnscaledAccRecord893554_1901_2007_RSN1916.png
train,UnscaledAccRecord893554_1901_2007_RSN1917,dataset_rgb\train\ground\UnscaledAccRecord893554_1901_2007_RSN1917.png,dataset_rgb\train\sensor\UnscaledAccRecord893554_1901_2007_RSN1917.png,dataset_rgb\train\mask\UnscaledAccRecord893554_1901_2007_RSN1917.png,dataset_rgb\train\target\UnscaledAccRecord893554_1901_2007_RSN1917.png
train,UnscaledAccRecord893554_1901_2007_RSN1919,dataset_rgb\train\ground\UnscaledAccRecord893554_1901_2007_RSN1919.png,dataset_rgb\train\sensor\UnscaledAccRecord893554_1901_2007_RSN1919.png,dataset_rgb\train\mask\UnscaledAccRecord893554_1901_2007_RSN1919.png,dataset_rgb\train\target\UnscaledAccRecord893554_1901_2007_RSN1919.png
train,UnscaledAccRecord893554_1901_2007_RSN1921,dataset_rgb\train\ground\UnscaledAccRecord893554_1901_2007_RSN1921.png,dataset_rgb\train\sensor\UnscaledAccRecord893554_1901_2007_RSN1921.png,dataset_rgb\train\mask\UnscaledAccRecord893554_1901_2007_RSN1921.png,dataset_rgb\train\target\UnscaledAccRecord893554_1901_2007_RSN1921.png
train,UnscaledAccRecord893554_1901_2007_RSN1923,dataset_rgb\train\ground\UnscaledAccRecord893554_1901_2007_RSN1923.png,dataset_rgb\train\sensor\UnscaledAccRecord893554_1901_2007_RSN1923.png,dataset_rgb\train\mask\UnscaledAccRecord893554_1901_2007_RSN1923.png,dataset_rgb\train\target\UnscaledAccRecord893554_1901_2007_RSN1923.png
train,UnscaledAccRecord893554_1901_2007_RSN1924,dataset_rgb\train\ground\UnscaledAccRecord893554_1901_2007_RSN1924.png,dataset_rgb\train\sensor\UnscaledAccRecord893554_1901_2007_RSN1924.png,dataset_rgb\train\mask\UnscaledAccRecord893554_1901_2007_RSN1924.png,dataset_rgb\train\target\UnscaledAccRecord893554_1901_2007_RSN1924.png
train,UnscaledAccRecord893554_1901_2007_RSN1925,dataset_rgb\train\ground\UnscaledAccRecord893554_1901_2007_RSN1925.png,dataset_rgb\train\sensor\UnscaledAccRecord893554_1901_2007_RSN1925.png,dataset_rgb\train\mask\UnscaledAccRecord893554_1901_2007_RSN1925.png,dataset_rgb\train\target\UnscaledAccRecord893554_1901_2007_RSN1925.png
train,UnscaledAccRecord893554_1901_2007_RSN1926,dataset_rgb\train\ground\UnscaledAccRecord893554_1901_2007_RSN1926.png,dataset_rgb\train\sensor\UnscaledAccRecord893554_1901_2007_RSN1926.png,dataset_rgb\train\mask\UnscaledAccRecord893554_1901_2007_RSN1926.png,dataset_rgb\train\target\UnscaledAccRecord893554_1901_2007_RSN1926.png
train,UnscaledAccRecord893554_1901_2007_RSN1927,dataset_rgb\train\ground\UnscaledAccRecord893554_1901_2007_RSN1927.png,dataset_rgb\train\sensor\UnscaledAccRecord893554_1901_2007_RSN1927.png,dataset_rgb\train\mask\UnscaledAccRecord893554_1901_2007_RSN1927.png,dataset_rgb\train\target\UnscaledAccRecord893554_1901_2007_RSN1927.png
train,UnscaledAccRecord893554_1901_2007_RSN1929,dataset_rgb\train\ground\UnscaledAccRecord893554_1901_2007_RSN1929.png,dataset_rgb\train\sensor\UnscaledAccRecord893554_1901_2007_RSN1929.png,dataset_rgb\train\mask\UnscaledAccRecord893554_1901_2007_RSN1929.png,dataset_rgb\train\target\UnscaledAccRecord893554_1901_2007_RSN1929.png
train,UnscaledAccRecord893554_1901_2007_RSN1930,dataset_rgb\train\ground\UnscaledAccRecord893554_1901_2007_RSN1930.png,dataset_rgb\train\sensor\UnscaledAccRecord893554_1901_2007_RSN1930.png,dataset_rgb\train\mask\UnscaledAccRecord893554_1901_2007_RSN1930.png,dataset_rgb\train\target\UnscaledAccRecord893554_1901_2007_RSN1930.png
train,UnscaledAccRecord893554_1901_2007_RSN1931,dataset_rgb\train\ground\UnscaledAccRecord893554_1901_2007_RSN1931.png,dataset_rgb\train\sensor\UnscaledAccRecord893554_1901_2007_RSN1931.png,dataset_rgb\train\mask\UnscaledAccRecord893554_1901_2007_RSN1931.png,dataset_rgb\train\target\UnscaledAccRecord893554_1901_2007_RSN1931.png
train,UnscaledAccRecord893554_1901_2007_RSN1932,dataset_rgb\train\ground\UnscaledAccRecord893554_1901_2007_RSN1932.png,dataset_rgb\train\sensor\UnscaledAccRecord893554_1901_2007_RSN1932.png,dataset_rgb\train\mask\UnscaledAccRecord893554_1901_2007_RSN1932.png,dataset_rgb\train\target\UnscaledAccRecord893554_1901_2007_RSN1932.png
train,UnscaledAccRecord893554_1901_2007_RSN1933,dataset_rgb\train\ground\UnscaledAccRecord893554_1901_2007_RSN1933.png,dataset_rgb\train\sensor\UnscaledAccRecord893554_1901_2007_RSN1933.png,dataset_rgb\train\mask\UnscaledAccRecord893554_1901_2007_RSN1933.png,dataset_rgb\train\target\UnscaledAccRecord893554_1901_2007_RSN1933.png
train,UnscaledAccRecord893554_1901_2007_RSN1934,dataset_rgb\train\ground\UnscaledAccRecord893554_1901_2007_RSN1934.png,dataset_rgb\train\sensor\UnscaledAccRecord893554_1901_2007_RSN1934.png,dataset_rgb\train\mask\UnscaledAccRecord893554_1901_2007_RSN1934.png,dataset_rgb\train\target\UnscaledAccRecord893554_1901_2007_RSN1934.png
train,UnscaledAccRecord893554_1901_2007_RSN1935,dataset_rgb\train\ground\UnscaledAccRecord893554_1901_2007_RSN1935.png,dataset_rgb\train\sensor\UnscaledAccRecord893554_1901_2007_RSN1935.png,dataset_rgb\train\mask\UnscaledAccRecord893554_1901_2007_RSN1935.png,dataset_rgb\train\target\UnscaledAccRecord893554_1901_2007_RSN1935.png
train,UnscaledAccRecord893554_1901_2007_RSN1936,dataset_rgb\train\ground\UnscaledAccRecord893554_1901_2007_RSN1936.png,dataset_rgb\train\sensor\UnscaledAccRecord893554_1901_2007_RSN1936.png,dataset_rgb\train\mask\UnscaledAccRecord893554_1901_2007_RSN1936.png,dataset_rgb\train\target\UnscaledAccRecord893554_1901_2007_RSN1936.png
train,UnscaledAccRecord893554_1901_2007_RSN1937,dataset_rgb\train\ground\UnscaledAccRecord893554_1901_2007_RSN1937.png,dataset_rgb\train\sensor\UnscaledAccRecord893554_1901_2007_RSN1937.png,dataset_rgb\train\mask\UnscaledAccRecord893554_1901_2007_RSN1937.png,dataset_rgb\train\target\UnscaledAccRecord893554_1901_2007_RSN1937.png
train,UnscaledAccRecord893554_1901_2007_RSN1938,dataset_rgb\train\ground\UnscaledAccRecord893554_1901_2007_RSN1938.png,dataset_rgb\train\sensor\UnscaledAccRecord893554_1901_2007_RSN1938.png,dataset_rgb\train\mask\UnscaledAccRecord893554_1901_2007_RSN1938.png,dataset_rgb\train\target\UnscaledAccRecord893554_1901_2007_RSN1938.png
train,UnscaledAccRecord893554_1901_2007_RSN1939,dataset_rgb\train\ground\UnscaledAccRecord893554_1901_2007_RSN1939.png,dataset_rgb\train\sensor\UnscaledAccRecord893554_1901_2007_RSN1939.png,dataset_rgb\train\mask\UnscaledAccRecord893554_1901_2007_RSN1939.png,dataset_rgb\train\target\UnscaledAccRecord893554_1901_2007_RSN1939.png
train,UnscaledAccRecord893554_1901_2007_RSN1940,dataset_rgb\train\ground\UnscaledAccRecord893554_1901_2007_RSN1940.png,dataset_rgb\train\sensor\UnscaledAccRecord893554_1901_2007_RSN1940.png,dataset_rgb\train\mask\UnscaledAccRecord893554_1901_2007_RSN1940.png,dataset_rgb\train\target\UnscaledAccRecord893554_1901_2007_RSN1940.png
train,UnscaledAccRecord893554_1901_2007_RSN1941,dataset_rgb\train\ground\UnscaledAccRecord893554_1901_2007_RSN1941.png,dataset_rgb\train\sensor\UnscaledAccRecord893554_1901_2007_RSN1941.png,dataset_rgb\train\mask\UnscaledAccRecord893554_1901_2007_RSN1941.png,dataset_rgb\train\target\UnscaledAccRecord893554_1901_2007_RSN1941.png
train,UnscaledAccRecord893554_1901_2007_RSN1945,dataset_rgb\train\ground\UnscaledAccRecord893554_1901_2007_RSN1945.png,dataset_rgb\train\sensor\UnscaledAccRecord893554_1901_2007_RSN1945.png,dataset_rgb\train\mask\UnscaledAccRecord893554_1901_2007_RSN1945.png,dataset_rgb\train\target\UnscaledAccRecord893554_1901_2007_RSN1945.png
train,UnscaledAccRecord893554_1901_2007_RSN1946,dataset_rgb\train\ground\UnscaledAccRecord893554_1901_2007_RSN1946.png,dataset_rgb\train\sensor\UnscaledAccRecord893554_1901_2007_RSN1946.png,dataset_rgb\train\mask\UnscaledAccRecord893554_1901_2007_RSN1946.png,dataset_rgb\train\target\UnscaledAccRecord893554_1901_2007_RSN1946.png
train,UnscaledAccRecord893554_1901_2007_RSN1947,dataset_rgb\train\ground\UnscaledAccRecord893554_1901_2007_RSN1947.png,dataset_rgb\train\sensor\UnscaledAccRecord893554_1901_2007_RSN1947.png,dataset_rgb\train\mask\UnscaledAccRecord893554_1901_2007_RSN1947.png,dataset_rgb\train\target\UnscaledAccRecord893554_1901_2007_RSN1947.png
train,UnscaledAccRecord893554_1901_2007_RSN1948,dataset_rgb\train\ground\UnscaledAccRecord893554_1901_2007_RSN1948.png,dataset_rgb\train\sensor\UnscaledAccRecord893554_1901_2007_RSN1948.png,dataset_rgb\train\mask\UnscaledAccRecord893554_1901_2007_RSN1948.png,dataset_rgb\train\target\UnscaledAccRecord893554_1901_2007_RSN1948.png
train,UnscaledAccRecord893554_1901_2007_RSN1950,dataset_rgb\train\ground\UnscaledAccRecord893554_1901_2007_RSN1950.png,dataset_rgb\train\sensor\UnscaledAccRecord893554_1901_2007_RSN1950.png,dataset_rgb\train\mask\UnscaledAccRecord893554_1901_2007_RSN1950.png,dataset_rgb\train\target\UnscaledAccRecord893554_1901_2007_RSN1950.png
train,UnscaledAccRecord893554_1901_2007_RSN1951,dataset_rgb\train\ground\UnscaledAccRecord893554_1901_2007_RSN1951.png,dataset_rgb\train\sensor\UnscaledAccRecord893554_1901_2007_RSN1951.png,dataset_rgb\train\mask\UnscaledAccRecord893554_1901_2007_RSN1951.png,dataset_rgb\train\target\UnscaledAccRecord893554_1901_2007_RSN1951.png
train,UnscaledAccRecord893554_1901_2007_RSN1952,dataset_rgb\train\ground\UnscaledAccRecord893554_1901_2007_RSN1952.png,dataset_rgb\train\sensor\UnscaledAccRecord893554_1901_2007_RSN1952.png,dataset_rgb\train\mask\UnscaledAccRecord893554_1901_2007_RSN1952.png,dataset_rgb\train\target\UnscaledAccRecord893554_1901_2007_RSN1952.png
train,UnscaledAccRecord893554_1901_2007_RSN1953,dataset_rgb\train\ground\UnscaledAccRecord893554_1901_2007_RSN1953.png,dataset_rgb\train\sensor\UnscaledAccRecord893554_1901_2007_RSN1953.png,dataset_rgb\train\mask\UnscaledAccRecord893554_1901_2007_RSN1953.png,dataset_rgb\train\target\UnscaledAccRecord893554_1901_2007_RSN1953.png
train,UnscaledAccRecord893554_1901_2007_RSN1955,dataset_rgb\train\ground\UnscaledAccRecord893554_1901_2007_RSN1955.png,dataset_rgb\train\sensor\UnscaledAccRecord893554_1901_2007_RSN1955.png,dataset_rgb\train\mask\UnscaledAccRecord893554_1901_2007_RSN1955.png,dataset_rgb\train\target\UnscaledAccRecord893554_1901_2007_RSN1955.png
train,UnscaledAccRecord893554_1901_2007_RSN1957,dataset_rgb\train\ground\UnscaledAccRecord893554_1901_2007_RSN1957.png,dataset_rgb\train\sensor\UnscaledAccRecord893554_1901_2007_RSN1957.png,dataset_rgb\train\mask\UnscaledAccRecord893554_1901_2007_RSN1957.png,dataset_rgb\train\target\UnscaledAccRecord893554_1901_2007_RSN1957.png
train,UnscaledAccRecord893554_1901_2007_RSN1958,dataset_rgb\train\ground\UnscaledAccRecord893554_1901_2007_RSN1958.png,dataset_rgb\train\sensor\UnscaledAccRecord893554_1901_2007_RSN1958.png,dataset_rgb\train\mask\UnscaledAccRecord893554_1901_2007_RSN1958.png,dataset_rgb\train\target\UnscaledAccRecord893554_1901_2007_RSN1958.png
train,UnscaledAccRecord893554_1901_2007_RSN1960,dataset_rgb\train\ground\UnscaledAccRecord893554_1901_2007_RSN1960.png,dataset_rgb\train\sensor\UnscaledAccRecord893554_1901_2007_RSN1960.png,dataset_rgb\train\mask\UnscaledAccRecord893554_1901_2007_RSN1960.png,dataset_rgb\train\target\UnscaledAccRecord893554_1901_2007_RSN1960.png
train,UnscaledAccRecord893554_1901_2007_RSN1961,dataset_rgb\train\ground\UnscaledAccRecord893554_1901_2007_RSN1961.png,dataset_rgb\train\sensor\UnscaledAccRecord893554_1901_2007_RSN1961.png,dataset_rgb\train\mask\UnscaledAccRecord893554_1901_2007_RSN1961.png,dataset_rgb\train\target\UnscaledAccRecord893554_1901_2007_RSN1961.png
train,UnscaledAccRecord893554_1901_2007_RSN1962,dataset_rgb\train\ground\UnscaledAccRecord893554_1901_2007_RSN1962.png,dataset_rgb\train\sensor\UnscaledAccRecord893554_1901_2007_RSN1962.png,dataset_rgb\train\mask\UnscaledAccRecord893554_1901_2007_RSN1962.png,dataset_rgb\train\target\UnscaledAccRecord893554_1901_2007_RSN1962.png
train,UnscaledAccRecord893554_1901_2007_RSN1963,dataset_rgb\train\ground\UnscaledAccRecord893554_1901_2007_RSN1963.png,dataset_rgb\train\sensor\UnscaledAccRecord893554_1901_2007_RSN1963.png,dataset_rgb\train\mask\UnscaledAccRecord893554_1901_2007_RSN1963.png,dataset_rgb\train\target\UnscaledAccRecord893554_1901_2007_RSN1963.png
train,UnscaledAccRecord893554_1901_2007_RSN1964,dataset_rgb\train\ground\UnscaledAccRecord893554_1901_2007_RSN1964.png,dataset_rgb\train\sensor\UnscaledAccRecord893554_1901_2007_RSN1964.png,dataset_rgb\train\mask\UnscaledAccRecord893554_1901_2007_RSN1964.png,dataset_rgb\train\target\UnscaledAccRecord893554_1901_2007_RSN1964.png
train,UnscaledAccRecord893554_1901_2007_RSN1967,dataset_rgb\train\ground\UnscaledAccRecord893554_1901_2007_RSN1967.png,dataset_rgb\train\sensor\UnscaledAccRecord893554_1901_2007_RSN1967.png,dataset_rgb\train\mask\UnscaledAccRecord893554_1901_2007_RSN1967.png,dataset_rgb\train\target\UnscaledAccRecord893554_1901_2007_RSN1967.png
train,UnscaledAccRecord893554_1901_2007_RSN1968,dataset_rgb\train\ground\UnscaledAccRecord893554_1901_2007_RSN1968.png,dataset_rgb\train\sensor\UnscaledAccRecord893554_1901_2007_RSN1968.png,dataset_rgb\train\mask\UnscaledAccRecord893554_1901_2007_RSN1968.png,dataset_rgb\train\target\UnscaledAccRecord893554_1901_2007_RSN1968.png
train,UnscaledAccRecord893554_1901_2007_RSN1970,dataset_rgb\train\ground\UnscaledAccRecord893554_1901_2007_RSN1970.png,dataset_rgb\train\sensor\UnscaledAccRecord893554_1901_2007_RSN1970.png,dataset_rgb\train\mask\UnscaledAccRecord893554_1901_2007_RSN1970.png,dataset_rgb\train\target\UnscaledAccRecord893554_1901_2007_RSN1970.png
train,UnscaledAccRecord893554_1901_2007_RSN1972,dataset_rgb\train\ground\UnscaledAccRecord893554_1901_2007_RSN1972.png,dataset_rgb\train\sensor\UnscaledAccRecord893554_1901_2007_RSN1972.png,dataset_rgb\train\mask\UnscaledAccRecord893554_1901_2007_RSN1972.png,dataset_rgb\train\target\UnscaledAccRecord893554_1901_2007_RSN1972.png
train,UnscaledAccRecord893554_1901_2007_RSN1973,dataset_rgb\train\ground\UnscaledAccRecord893554_1901_2007_RSN1973.png,dataset_rgb\train\sensor\UnscaledAccRecord893554_1901_2007_RSN1973.png,dataset_rgb\train\mask\UnscaledAccRecord893554_1901_2007_RSN1973.png,dataset_rgb\train\target\UnscaledAccRecord893554_1901_2007_RSN1973.png
train,UnscaledAccRecord893554_1901_2007_RSN1975,dataset_rgb\train\ground\UnscaledAccRecord893554_1901_2007_RSN1975.png,dataset_rgb\train\sensor\UnscaledAccRecord893554_1901_2007_RSN1975.png,dataset_rgb\train\mask\UnscaledAccRecord893554_1901_2007_RSN1975.png,dataset_rgb\train\target\UnscaledAccRecord893554_1901_2007_RSN1975.png
train,UnscaledAccRecord893554_1901_2007_RSN1977,dataset_rgb\train\ground\UnscaledAccRecord893554_1901_2007_RSN1977.png,dataset_rgb\train\sensor\UnscaledAccRecord893554_1901_2007_RSN1977.png,dataset_rgb\train\mask\UnscaledAccRecord893554_1901_2007_RSN1977.png,dataset_rgb\train\target\UnscaledAccRecord893554_1901_2007_RSN1977.png
train,UnscaledAccRecord893554_1901_2007_RSN1978,dataset_rgb\train\ground\UnscaledAccRecord893554_1901_2007_RSN1978.png,dataset_rgb\train\sensor\UnscaledAccRecord893554_1901_2007_RSN1978.png,dataset_rgb\train\mask\UnscaledAccRecord893554_1901_2007_RSN1978.png,dataset_rgb\train\target\UnscaledAccRecord893554_1901_2007_RSN1978.png
train,UnscaledAccRecord893554_1901_2007_RSN1979,dataset_rgb\train\ground\UnscaledAccRecord893554_1901_2007_RSN1979.png,dataset_rgb\train\sensor\UnscaledAccRecord893554_1901_2007_RSN1979.png,dataset_rgb\train\mask\UnscaledAccRecord893554_1901_2007_RSN1979.png,dataset_rgb\train\target\UnscaledAccRecord893554_1901_2007_RSN1979.png
train,UnscaledAccRecord893554_1901_2007_RSN1982,dataset_rgb\train\ground\UnscaledAccRecord893554_1901_2007_RSN1982.png,dataset_rgb\train\sensor\UnscaledAccRecord893554_1901_2007_RSN1982.png,dataset_rgb\train\mask\UnscaledAccRecord893554_1901_2007_RSN1982.png,dataset_rgb\train\target\UnscaledAccRecord893554_1901_2007_RSN1982.png
train,UnscaledAccRecord893554_1901_2007_RSN1983,dataset_rgb\train\ground\UnscaledAccRecord893554_1901_2007_RSN1983.png,dataset_rgb\train\sensor\UnscaledAccRecord893554_1901_2007_RSN1983.png,dataset_rgb\train\mask\UnscaledAccRecord893554_1901_2007_RSN1983.png,dataset_rgb\train\target\UnscaledAccRecord893554_1901_2007_RSN1983.png
train,UnscaledAccRecord893554_1901_2007_RSN1985,dataset_rgb\train\ground\UnscaledAccRecord893554_1901_2007_RSN1985.png,dataset_rgb\train\sensor\UnscaledAccRecord893554_1901_2007_RSN1985.png,dataset_rgb\train\mask\UnscaledAccRecord893554_1901_2007_RSN1985.png,dataset_rgb\train\target\UnscaledAccRecord893554_1901_2007_RSN1985.png
train,UnscaledAccRecord893554_1901_2007_RSN1987,dataset_rgb\train\ground\UnscaledAccRecord893554_1901_2007_RSN1987.png,dataset_rgb\train\sensor\UnscaledAccRecord893554_1901_2007_RSN1987.png,dataset_rgb\train\mask\UnscaledAccRecord893554_1901_2007_RSN1987.png,dataset_rgb\train\target\UnscaledAccRecord893554_1901_2007_RSN1987.png
train,UnscaledAccRecord893554_1901_2007_RSN1989,dataset_rgb\train\ground\UnscaledAccRecord893554_1901_2007_RSN1989.png,dataset_rgb\train\sensor\UnscaledAccRecord893554_1901_2007_RSN1989.png,dataset_rgb\train\mask\UnscaledAccRecord893554_1901_2007_RSN1989.png,dataset_rgb\train\target\UnscaledAccRecord893554_1901_2007_RSN1989.png
train,UnscaledAccRecord893554_1901_2007_RSN1990,dataset_rgb\train\ground\UnscaledAccRecord893554_1901_2007_RSN1990.png,dataset_rgb\train\sensor\UnscaledAccRecord893554_1901_2007_RSN1990.png,dataset_rgb\train\mask\UnscaledAccRecord893554_1901_2007_RSN1990.png,dataset_rgb\train\target\UnscaledAccRecord893554_1901_2007_RSN1990.png
train,UnscaledAccRecord893554_1901_2007_RSN1992,dataset_rgb\train\ground\UnscaledAccRecord893554_1901_2007_RSN1992.png,dataset_rgb\train\sensor\UnscaledAccRecord893554_1901_2007_RSN1992.png,dataset_rgb\train\mask\UnscaledAccRecord893554_1901_2007_RSN1992.png,dataset_rgb\train\target\UnscaledAccRecord893554_1901_2007_RSN1992.png
train,UnscaledAccRecord893554_1901_2007_RSN1993,dataset_rgb\train\ground\UnscaledAccRecord893554_1901_2007_RSN1993.png,dataset_rgb\train\sensor\UnscaledAccRecord893554_1901_2007_RSN1993.png,dataset_rgb\train\mask\UnscaledAccRecord893554_1901_2007_RSN1993.png,dataset_rgb\train\target\UnscaledAccRecord893554_1901_2007_RSN1993.png
train,UnscaledAccRecord893554_1901_2007_RSN1994,dataset_rgb\train\ground\UnscaledAccRecord893554_1901_2007_RSN1994.png,dataset_rgb\train\sensor\UnscaledAccRecord893554_1901_2007_RSN1994.png,dataset_rgb\train\mask\UnscaledAccRecord893554_1901_2007_RSN1994.png,dataset_rgb\train\target\UnscaledAccRecord893554_1901_2007_RSN1994.png
train,UnscaledAccRecord893554_1901_2007_RSN1995,dataset_rgb\train\ground\UnscaledAccRecord893554_1901_2007_RSN1995.png,dataset_rgb\train\sensor\UnscaledAccRecord893554_1901_2007_RSN1995.png,dataset_rgb\train\mask\UnscaledAccRecord893554_1901_2007_RSN1995.png,dataset_rgb\train\target\UnscaledAccRecord893554_1901_2007_RSN1995.png
train,UnscaledAccRecord893554_1901_2007_RSN1997,dataset_rgb\train\ground\UnscaledAccRecord893554_1901_2007_RSN1997.png,dataset_rgb\train\sensor\UnscaledAccRecord893554_1901_2007_RSN1997.png,dataset_rgb\train\mask\UnscaledAccRecord893554_1901_2007_RSN1997.png,dataset_rgb\train\target\UnscaledAccRecord893554_1901_2007_RSN1997.png
train,UnscaledAccRecord893554_1901_2007_RSN1999,dataset_rgb\train\ground\UnscaledAccRecord893554_1901_2007_RSN1999.png,dataset_rgb\train\sensor\UnscaledAccRecord893554_1901_2007_RSN1999.png,dataset_rgb\train\mask\UnscaledAccRecord893554_1901_2007_RSN1999.png,dataset_rgb\train\target\UnscaledAccRecord893554_1901_2007_RSN1999.png
train,UnscaledAccRecord893554_1901_2007_RSN2000,dataset_rgb\train\ground\UnscaledAccRecord893554_1901_2007_RSN2000.png,dataset_rgb\train\sensor\UnscaledAccRecord893554_1901_2007_RSN2000.png,dataset_rgb\train\mask\UnscaledAccRecord893554_1901_2007_RSN2000.png,dataset_rgb\train\target\UnscaledAccRecord893554_1901_2007_RSN2000.png
train,UnscaledAccRecord893554_1901_2007_RSN2001,dataset_rgb\train\ground\UnscaledAccRecord893554_1901_2007_RSN2001.png,dataset_rgb\train\sensor\UnscaledAccRecord893554_1901_2007_RSN2001.png,dataset_rgb\train\mask\UnscaledAccRecord893554_1901_2007_RSN2001.png,dataset_rgb\train\target\UnscaledAccRecord893554_1901_2007_RSN2001.png
train,UnscaledAccRecord893554_1901_2007_RSN2002,dataset_rgb\train\ground\UnscaledAccRecord893554_1901_2007_RSN2002.png,dataset_rgb\train\sensor\UnscaledAccRecord893554_1901_2007_RSN2002.png,dataset_rgb\train\mask\UnscaledAccRecord893554_1901_2007_RSN2002.png,dataset_rgb\train\target\UnscaledAccRecord893554_1901_2007_RSN2002.png
train,UnscaledAccRecord893554_1901_2007_RSN2003,dataset_rgb\train\ground\UnscaledAccRecord893554_1901_2007_RSN2003.png,dataset_rgb\train\sensor\UnscaledAccRecord893554_1901_2007_RSN2003.png,dataset_rgb\train\mask\UnscaledAccRecord893554_1901_2007_RSN2003.png,dataset_rgb\train\target\UnscaledAccRecord893554_1901_2007_RSN2003.png
train,UnscaledAccRecord893554_1901_2007_RSN2004,dataset_rgb\train\ground\UnscaledAccRecord893554_1901_2007_RSN2004.png,dataset_rgb\train\sensor\UnscaledAccRecord893554_1901_2007_RSN2004.png,dataset_rgb\train\mask\UnscaledAccRecord893554_1901_2007_RSN2004.png,dataset_rgb\train\target\UnscaledAccRecord893554_1901_2007_RSN2004.png
train,UnscaledAccRecord893554_1901_2007_RSN2005,dataset_rgb\train\ground\UnscaledAccRecord893554_1901_2007_RSN2005.png,dataset_rgb\train\sensor\UnscaledAccRecord893554_1901_2007_RSN2005.png,dataset_rgb\train\mask\UnscaledAccRecord893554_1901_2007_RSN2005.png,dataset_rgb\train\target\UnscaledAccRecord893554_1901_2007_RSN2005.png
train,UnscaledAccRecord893554_1901_2007_RSN2007,dataset_rgb\train\ground\UnscaledAccRecord893554_1901_2007_RSN2007.png,dataset_rgb\train\sensor\UnscaledAccRecord893554_1901_2007_RSN2007.png,dataset_rgb\train\mask\UnscaledAccRecord893554_1901_2007_RSN2007.png,dataset_rgb\train\target\UnscaledAccRecord893554_1901_2007_RSN2007.png
train,UnscaledAccRecord893554_1_101_RSN10,dataset_rgb\train\ground\UnscaledAccRecord893554_1_101_RSN10.png,dataset_rgb\train\sensor\UnscaledAccRecord893554_1_101_RSN10.png,dataset_rgb\train\mask\UnscaledAccRecord893554_1_101_RSN10.png,dataset_rgb\train\target\UnscaledAccRecord893554_1_101_RSN10.png
train,UnscaledAccRecord893554_1_101_RSN100,dataset_rgb\train\ground\UnscaledAccRecord893554_1_101_RSN100.png,dataset_rgb\train\sensor\UnscaledAccRecord893554_1_101_RSN100.png,dataset_rgb\train\mask\UnscaledAccRecord893554_1_101_RSN100.png,dataset_rgb\train\target\UnscaledAccRecord893554_1_101_RSN100.png
train,UnscaledAccRecord893554_1_101_RSN11,dataset_rgb\train\ground\UnscaledAccRecord893554_1_101_RSN11.png,dataset_rgb\train\sensor\UnscaledAccRecord893554_1_101_RSN11.png,dataset_rgb\train\mask\UnscaledAccRecord893554_1_101_RSN11.png,dataset_rgb\train\target\UnscaledAccRecord893554_1_101_RSN11.png
train,UnscaledAccRecord893554_1_101_RSN16,dataset_rgb\train\ground\UnscaledAccRecord893554_1_101_RSN16.png,dataset_rgb\train\sensor\UnscaledAccRecord893554_1_101_RSN16.png,dataset_rgb\train\mask\UnscaledAccRecord893554_1_101_RSN16.png,dataset_rgb\train\target\UnscaledAccRecord893554_1_101_RSN16.png
train,UnscaledAccRecord893554_1_101_RSN17,dataset_rgb\train\ground\UnscaledAccRecord893554_1_101_RSN17.png,dataset_rgb\train\sensor\UnscaledAccRecord893554_1_101_RSN17.png,dataset_rgb\train\mask\UnscaledAccRecord893554_1_101_RSN17.png,dataset_rgb\train\target\UnscaledAccRecord893554_1_101_RSN17.png
train,UnscaledAccRecord893554_1_101_RSN18,dataset_rgb\train\ground\UnscaledAccRecord893554_1_101_RSN18.png,dataset_rgb\train\sensor\UnscaledAccRecord893554_1_101_RSN18.png,dataset_rgb\train\mask\UnscaledAccRecord893554_1_101_RSN18.png,dataset_rgb\train\target\UnscaledAccRecord893554_1_101_RSN18.png
train,UnscaledAccRecord893554_1_101_RSN19,dataset_rgb\train\ground\UnscaledAccRecord893554_1_101_RSN19.png,dataset_rgb\train\sensor\UnscaledAccRecord893554_1_101_RSN19.png,dataset_rgb\train\mask\UnscaledAccRecord893554_1_101_RSN19.png,dataset_rgb\train\target\UnscaledAccRecord893554_1_101_RSN19.png
train,UnscaledAccRecord893554_1_101_RSN2,dataset_rgb\train\ground\UnscaledAccRecord893554_1_101_RSN2.png,dataset_rgb\train\sensor\UnscaledAccRecord893554_1_101_RSN2.png,dataset_rgb\train\mask\UnscaledAccRecord893554_1_101_RSN2.png,dataset_rgb\train\target\UnscaledAccRecord893554_1_101_RSN2.png
train,UnscaledAccRecord893554_1_101_RSN20,dataset_rgb\train\ground\UnscaledAccRecord893554_1_101_RSN20.png,dataset_rgb\train\sensor\UnscaledAccRecord893554_1_101_RSN20.png,dataset_rgb\train\mask\UnscaledAccRecord893554_1_101_RSN20.png,dataset_rgb\train\target\UnscaledAccRecord893554_1_101_RSN20.png
train,UnscaledAccRecord893554_1_101_RSN21,dataset_rgb\train\ground\UnscaledAccRecord893554_1_101_RSN21.png,dataset_rgb\train\sensor\UnscaledAccRecord893554_1_101_RSN21.png,dataset_rgb\train\mask\UnscaledAccRecord893554_1_101_RSN21.png,dataset_rgb\train\target\UnscaledAccRecord893554_1_101_RSN21.png
train,UnscaledAccRecord893554_1_101_RSN22,dataset_rgb\train\ground\UnscaledAccRecord893554_1_101_RSN22.png,dataset_rgb\train\sensor\UnscaledAccRecord893554_1_101_RSN22.png,dataset_rgb\train\mask\UnscaledAccRecord893554_1_101_RSN22.png,dataset_rgb\train\target\UnscaledAccRecord893554_1_101_RSN22.png
train,UnscaledAccRecord893554_1_101_RSN24,dataset_rgb\train\ground\UnscaledAccRecord893554_1_101_RSN24.png,dataset_rgb\train\sensor\UnscaledAccRecord893554_1_101_RSN24.png,dataset_rgb\train\mask\UnscaledAccRecord893554_1_101_RSN24.png,dataset_rgb\train\target\UnscaledAccRecord893554_1_101_RSN24.png
train,UnscaledAccRecord893554_1_101_RSN25,dataset_rgb\train\ground\UnscaledAccRecord893554_1_101_RSN25.png,dataset_rgb\train\sensor\UnscaledAccRecord893554_1_101_RSN25.png,dataset_rgb\train\mask\UnscaledAccRecord893554_1_101_RSN25.png,dataset_rgb\train\target\UnscaledAccRecord893554_1_101_RSN25.png
train,UnscaledAccRecord893554_1_101_RSN26,dataset_rgb\train\ground\UnscaledAccRecord893554_1_101_RSN26.png,dataset_rgb\train\sensor\UnscaledAccRecord893554_1_101_RSN26.png,dataset_rgb\train\mask\UnscaledAccRecord893554_1_101_RSN26.png,dataset_rgb\train\target\UnscaledAccRecord893554_1_101_RSN26.png
train,UnscaledAccRecord893554_1_101_RSN27,dataset_rgb\train\ground\UnscaledAccRecord893554_1_101_RSN27.png,dataset_rgb\train\sensor\UnscaledAccRecord893554_1_101_RSN27.png,dataset_rgb\train\mask\UnscaledAccRecord893554_1_101_RSN27.png,dataset_rgb\train\target\UnscaledAccRecord893554_1_101_RSN27.png
train,UnscaledAccRecord893554_1_101_RSN28,dataset_rgb\train\ground\UnscaledAccRecord893554_1_101_RSN28.png,dataset_rgb\train\sensor\UnscaledAccRecord893554_1_101_RSN28.png,dataset_rgb\train\mask\UnscaledAccRecord893554_1_101_RSN28.png,dataset_rgb\train\target\UnscaledAccRecord893554_1_101_RSN28.png
train,UnscaledAccRecord893554_1_101_RSN3,dataset_rgb\train\ground\UnscaledAccRecord893554_1_101_RSN3.png,dataset_rgb\train\sensor\UnscaledAccRecord893554_1_101_RSN3.png,dataset_rgb\train\mask\UnscaledAccRecord893554_1_101_RSN3.png,dataset_rgb\train\target\UnscaledAccRecord893554_1_101_RSN3.png
train,UnscaledAccRecord893554_1_101_RSN30,dataset_rgb\train\ground\UnscaledAccRecord893554_1_101_RSN30.png,dataset_rgb\train\sensor\UnscaledAccRecord893554_1_101_RSN30.png,dataset_rgb\train\mask\UnscaledAccRecord893554_1_101_RSN30.png,dataset_rgb\train\target\UnscaledAccRecord893554_1_101_RSN30.png
train,UnscaledAccRecord893554_1_101_RSN32,dataset_rgb\train\ground\UnscaledAccRecord893554_1_101_RSN32.png,dataset_rgb\train\sensor\UnscaledAccRecord893554_1_101_RSN32.png,dataset_rgb\train\mask\UnscaledAccRecord893554_1_101_RSN32.png,dataset_rgb\train\target\UnscaledAccRecord893554_1_101_RSN32.png
train,UnscaledAccRecord893554_1_101_RSN35,dataset_rgb\train\ground\UnscaledAccRecord893554_1_101_RSN35.png,dataset_rgb\train\sensor\UnscaledAccRecord893554_1_101_RSN35.png,dataset_rgb\train\mask\UnscaledAccRecord893554_1_101_RSN35.png,dataset_rgb\train\target\UnscaledAccRecord893554_1_101_RSN35.png
train,UnscaledAccRecord893554_1_101_RSN37,dataset_rgb\train\ground\UnscaledAccRecord893554_1_101_RSN37.png,dataset_rgb\train\sensor\UnscaledAccRecord893554_1_101_RSN37.png,dataset_rgb\train\mask\UnscaledAccRecord893554_1_101_RSN37.png,dataset_rgb\train\target\UnscaledAccRecord893554_1_101_RSN37.png
train,UnscaledAccRecord893554_1_101_RSN38,dataset_rgb\train\ground\UnscaledAccRecord893554_1_101_RSN38.png,dataset_rgb\train\sensor\UnscaledAccRecord893554_1_101_RSN38.png,dataset_rgb\train\mask\UnscaledAccRecord893554_1_101_RSN38.png,dataset_rgb\train\target\UnscaledAccRecord893554_1_101_RSN38.png
train,UnscaledAccRecord893554_1_101_RSN4,dataset_rgb\train\ground\UnscaledAccRecord893554_1_101_RSN4.png,dataset_rgb\train\sensor\UnscaledAccRecord893554_1_101_RSN4.png,dataset_rgb\train\mask\UnscaledAccRecord893554_1_101_RSN4.png,dataset_rgb\train\target\UnscaledAccRecord893554_1_101_RSN4.png
train,UnscaledAccRecord893554_1_101_RSN41,dataset_rgb\train\ground\UnscaledAccRecord893554_1_101_RSN41.png,dataset_rgb\train\sensor\UnscaledAccRecord893554_1_101_RSN41.png,dataset_rgb\train\mask\UnscaledAccRecord893554_1_101_RSN41.png,dataset_rgb\train\target\UnscaledAccRecord893554_1_101_RSN41.png
train,UnscaledAccRecord893554_1_101_RSN42,dataset_rgb\train\ground\UnscaledAccRecord893554_1_101_RSN42.png,dataset_rgb\train\sensor\UnscaledAccRecord893554_1_101_RSN42.png,dataset_rgb\train\mask\UnscaledAccRecord893554_1_101_RSN42.png,dataset_rgb\train\target\UnscaledAccRecord893554_1_101_RSN42.png
train,UnscaledAccRecord893554_1_101_RSN44,dataset_rgb\train\ground\UnscaledAccRecord893554_1_101_RSN44.png,dataset_rgb\train\sensor\UnscaledAccRecord893554_1_101_RSN44.png,dataset_rgb\train\mask\UnscaledAccRecord893554_1_101_RSN44.png,dataset_rgb\train\target\UnscaledAccRecord893554_1_101_RSN44.png
train,UnscaledAccRecord893554_1_101_RSN45,dataset_rgb\train\ground\UnscaledAccRecord893554_1_101_RSN45.png,dataset_rgb\train\sensor\UnscaledAccRecord893554_1_101_RSN45.png,dataset_rgb\train\mask\UnscaledAccRecord893554_1_101_RSN45.png,dataset_rgb\train\target\UnscaledAccRecord893554_1_101_RSN45.png
train,UnscaledAccRecord893554_1_101_RSN46,dataset_rgb\train\ground\UnscaledAccRecord893554_1_101_RSN46.png,dataset_rgb\train\sensor\UnscaledAccRecord893554_1_101_RSN46.png,dataset_rgb\train\mask\UnscaledAccRecord893554_1_101_RSN46.png,dataset_rgb\train\target\UnscaledAccRecord893554_1_101_RSN46.png
train,UnscaledAccRecord893554_1_101_RSN47,dataset_rgb\train\ground\UnscaledAccRecord893554_1_101_RSN47.png,dataset_rgb\train\sensor\UnscaledAccRecord893554_1_101_RSN47.png,dataset_rgb\train\mask\UnscaledAccRecord893554_1_101_RSN47.png,dataset_rgb\train\target\UnscaledAccRecord893554_1_101_RSN47.png
train,UnscaledAccRecord893554_1_101_RSN49,dataset_rgb\train\ground\UnscaledAccRecord893554_1_101_RSN49.png,dataset_rgb\train\sensor\UnscaledAccRecord893554_1_101_RSN49.png,dataset_rgb\train\mask\UnscaledAccRecord893554_1_101_RSN49.png,dataset_rgb\train\target\UnscaledAccRecord893554_1_101_RSN49.png
train,UnscaledAccRecord893554_1_101_RSN50,dataset_rgb\train\ground\UnscaledAccRecord893554_1_101_RSN50.png,dataset_rgb\train\sensor\UnscaledAccRecord893554_1_101_RSN50.png,dataset_rgb\train\mask\UnscaledAccRecord893554_1_101_RSN50.png,dataset_rgb\train\target\UnscaledAccRecord893554_1_101_RSN50.png
train,UnscaledAccRecord893554_1_101_RSN51,dataset_rgb\train\ground\UnscaledAccRecord893554_1_101_RSN51.png,dataset_rgb\train\sensor\UnscaledAccRecord893554_1_101_RSN51.png,dataset_rgb\train\mask\UnscaledAccRecord893554_1_101_RSN51.png,dataset_rgb\train\target\UnscaledAccRecord893554_1_101_RSN51.png
train,UnscaledAccRecord893554_1_101_RSN52,dataset_rgb\train\ground\UnscaledAccRecord893554_1_101_RSN52.png,dataset_rgb\train\sensor\UnscaledAccRecord893554_1_101_RSN52.png,dataset_rgb\train\mask\UnscaledAccRecord893554_1_101_RSN52.png,dataset_rgb\train\target\UnscaledAccRecord893554_1_101_RSN52.png
train,UnscaledAccRecord893554_1_101_RSN53,dataset_rgb\train\ground\UnscaledAccRecord893554_1_101_RSN53.png,dataset_rgb\train\sensor\UnscaledAccRecord893554_1_101_RSN53.png,dataset_rgb\train\mask\UnscaledAccRecord893554_1_101_RSN53.png,dataset_rgb\train\target\UnscaledAccRecord893554_1_101_RSN53.png
train,UnscaledAccRecord893554_1_101_RSN55,dataset_rgb\train\ground\UnscaledAccRecord893554_1_101_RSN55.png,dataset_rgb\train\sensor\UnscaledAccRecord893554_1_101_RSN55.png,dataset_rgb\train\mask\UnscaledAccRecord893554_1_101_RSN55.png,dataset_rgb\train\target\UnscaledAccRecord893554_1_101_RSN55.png
train,UnscaledAccRecord893554_1_101_RSN56,dataset_rgb\train\ground\UnscaledAccRecord893554_1_101_RSN56.png,dataset_rgb\train\sensor\UnscaledAccRecord893554_1_101_RSN56.png,dataset_rgb\train\mask\UnscaledAccRecord893554_1_101_RSN56.png,dataset_rgb\train\target\UnscaledAccRecord893554_1_101_RSN56.png
train,UnscaledAccRecord893554_1_101_RSN57,dataset_rgb\train\ground\UnscaledAccRecord893554_1_101_RSN57.png,dataset_rgb\train\sensor\UnscaledAccRecord893554_1_101_RSN57.png,dataset_rgb\train\mask\UnscaledAccRecord893554_1_101_RSN57.png,dataset_rgb\train\target\UnscaledAccRecord893554_1_101_RSN57.png
train,UnscaledAccRecord893554_1_101_RSN58,dataset_rgb\train\ground\UnscaledAccRecord893554_1_101_RSN58.png,dataset_rgb\train\sensor\UnscaledAccRecord893554_1_101_RSN58.png,dataset_rgb\train\mask\UnscaledAccRecord893554_1_101_RSN58.png,dataset_rgb\train\target\UnscaledAccRecord893554_1_101_RSN58.png
train,UnscaledAccRecord893554_1_101_RSN59,dataset_rgb\train\ground\UnscaledAccRecord893554_1_101_RSN59.png,dataset_rgb\train\sensor\UnscaledAccRecord893554_1_101_RSN59.png,dataset_rgb\train\mask\UnscaledAccRecord893554_1_101_RSN59.png,dataset_rgb\train\target\UnscaledAccRecord893554_1_101_RSN59.png
train,UnscaledAccRecord893554_1_101_RSN63,dataset_rgb\train\ground\UnscaledAccRecord893554_1_101_RSN63.png,dataset_rgb\train\sensor\UnscaledAccRecord893554_1_101_RSN63.png,dataset_rgb\train\mask\UnscaledAccRecord893554_1_101_RSN63.png,dataset_rgb\train\target\UnscaledAccRecord893554_1_101_RSN63.png
train,UnscaledAccRecord893554_1_101_RSN65,dataset_rgb\train\ground\UnscaledAccRecord893554_1_101_RSN65.png,dataset_rgb\train\sensor\UnscaledAccRecord893554_1_101_RSN65.png,dataset_rgb\train\mask\UnscaledAccRecord893554_1_101_RSN65.png,dataset_rgb\train\target\UnscaledAccRecord893554_1_101_RSN65.png
train,UnscaledAccRecord893554_1_101_RSN67,dataset_rgb\train\ground\UnscaledAccRecord893554_1_101_RSN67.png,dataset_rgb\train\sensor\UnscaledAccRecord893554_1_101_RSN67.png,dataset_rgb\train\mask\UnscaledAccRecord893554_1_101_RSN67.png,dataset_rgb\train\target\UnscaledAccRecord893554_1_101_RSN67.png
train,UnscaledAccRecord893554_1_101_RSN68,dataset_rgb\train\ground\UnscaledAccRecord893554_1_101_RSN68.png,dataset_rgb\train\sensor\UnscaledAccRecord893554_1_101_RSN68.png,dataset_rgb\train\mask\UnscaledAccRecord893554_1_101_RSN68.png,dataset_rgb\train\target\UnscaledAccRecord893554_1_101_RSN68.png
train,UnscaledAccRecord893554_1_101_RSN7,dataset_rgb\train\ground\UnscaledAccRecord893554_1_101_RSN7.png,dataset_rgb\train\sensor\UnscaledAccRecord893554_1_101_RSN7.png,dataset_rgb\train\mask\UnscaledAccRecord893554_1_101_RSN7.png,dataset_rgb\train\target\UnscaledAccRecord893554_1_101_RSN7.png
train,UnscaledAccRecord893554_1_101_RSN71,dataset_rgb\train\ground\UnscaledAccRecord893554_1_101_RSN71.png,dataset_rgb\train\sensor\UnscaledAccRecord893554_1_101_RSN71.png,dataset_rgb\train\mask\UnscaledAccRecord893554_1_101_RSN71.png,dataset_rgb\train\target\UnscaledAccRecord893554_1_101_RSN71.png
train,UnscaledAccRecord893554_1_101_RSN72,dataset_rgb\train\ground\UnscaledAccRecord893554_1_101_RSN72.png,dataset_rgb\train\sensor\UnscaledAccRecord893554_1_101_RSN72.png,dataset_rgb\train\mask\UnscaledAccRecord893554_1_101_RSN72.png,dataset_rgb\train\target\UnscaledAccRecord893554_1_101_RSN72.png
train,UnscaledAccRecord893554_1_101_RSN73,dataset_rgb\train\ground\UnscaledAccRecord893554_1_101_RSN73.png,dataset_rgb\train\sensor\UnscaledAccRecord893554_1_101_RSN73.png,dataset_rgb\train\mask\UnscaledAccRecord893554_1_101_RSN73.png,dataset_rgb\train\target\UnscaledAccRecord893554_1_101_RSN73.png
train,UnscaledAccRecord893554_1_101_RSN76,dataset_rgb\train\ground\UnscaledAccRecord893554_1_101_RSN76.png,dataset_rgb\train\sensor\UnscaledAccRecord893554_1_101_RSN76.png,dataset_rgb\train\mask\UnscaledAccRecord893554_1_101_RSN76.png,dataset_rgb\train\target\UnscaledAccRecord893554_1_101_RSN76.png
train,UnscaledAccRecord893554_1_101_RSN77,dataset_rgb\train\ground\UnscaledAccRecord893554_1_101_RSN77.png,dataset_rgb\train\sensor\UnscaledAccRecord893554_1_101_RSN77.png,dataset_rgb\train\mask\UnscaledAccRecord893554_1_101_RSN77.png,dataset_rgb\train\target\UnscaledAccRecord893554_1_101_RSN77.png
train,UnscaledAccRecord893554_1_101_RSN79,dataset_rgb\train\ground\UnscaledAccRecord893554_1_101_RSN79.png,dataset_rgb\train\sensor\UnscaledAccRecord893554_1_101_RSN79.png,dataset_rgb\train\mask\UnscaledAccRecord893554_1_101_RSN79.png,dataset_rgb\train\target\UnscaledAccRecord893554_1_101_RSN79.png
train,UnscaledAccRecord893554_1_101_RSN80,dataset_rgb\train\ground\UnscaledAccRecord893554_1_101_RSN80.png,dataset_rgb\train\sensor\UnscaledAccRecord893554_1_101_RSN80.png,dataset_rgb\train\mask\UnscaledAccRecord893554_1_101_RSN80.png,dataset_rgb\train\target\UnscaledAccRecord893554_1_101_RSN80.png
train,UnscaledAccRecord893554_1_101_RSN81,dataset_rgb\train\ground\UnscaledAccRecord893554_1_101_RSN81.png,dataset_rgb\train\sensor\UnscaledAccRecord893554_1_101_RSN81.png,dataset_rgb\train\mask\UnscaledAccRecord893554_1_101_RSN81.png,dataset_rgb\train\target\UnscaledAccRecord893554_1_101_RSN81.png
train,UnscaledAccRecord893554_1_101_RSN82,dataset_rgb\train\ground\UnscaledAccRecord893554_1_101_RSN82.png,dataset_rgb\train\sensor\UnscaledAccRecord893554_1_101_RSN82.png,dataset_rgb\train\mask\UnscaledAccRecord893554_1_101_RSN82.png,dataset_rgb\train\target\UnscaledAccRecord893554_1_101_RSN82.png
train,UnscaledAccRecord893554_1_101_RSN85,dataset_rgb\train\ground\UnscaledAccRecord893554_1_101_RSN85.png,dataset_rgb\train\sensor\UnscaledAccRecord893554_1_101_RSN85.png,dataset_rgb\train\mask\UnscaledAccRecord893554_1_101_RSN85.png,dataset_rgb\train\target\UnscaledAccRecord893554_1_101_RSN85.png
train,UnscaledAccRecord893554_1_101_RSN86,dataset_rgb\train\ground\UnscaledAccRecord893554_1_101_RSN86.png,dataset_rgb\train\sensor\UnscaledAccRecord893554_1_101_RSN86.png,dataset_rgb\train\mask\UnscaledAccRecord893554_1_101_RSN86.png,dataset_rgb\train\target\UnscaledAccRecord893554_1_101_RSN86.png
train,UnscaledAccRecord893554_1_101_RSN89,dataset_rgb\train\ground\UnscaledAccRecord893554_1_101_RSN89.png,dataset_rgb\train\sensor\UnscaledAccRecord893554_1_101_RSN89.png,dataset_rgb\train\mask\UnscaledAccRecord893554_1_101_RSN89.png,dataset_rgb\train\target\UnscaledAccRecord893554_1_101_RSN89.png
train,UnscaledAccRecord893554_1_101_RSN90,dataset_rgb\train\ground\UnscaledAccRecord893554_1_101_RSN90.png,dataset_rgb\train\sensor\UnscaledAccRecord893554_1_101_RSN90.png,dataset_rgb\train\mask\UnscaledAccRecord893554_1_101_RSN90.png,dataset_rgb\train\target\UnscaledAccRecord893554_1_101_RSN90.png
train,UnscaledAccRecord893554_1_101_RSN92,dataset_rgb\train\ground\UnscaledAccRecord893554_1_101_RSN92.png,dataset_rgb\train\sensor\UnscaledAccRecord893554_1_101_RSN92.png,dataset_rgb\train\mask\UnscaledAccRecord893554_1_101_RSN92.png,dataset_rgb\train\target\UnscaledAccRecord893554_1_101_RSN92.png
train,UnscaledAccRecord893554_1_101_RSN94,dataset_rgb\train\ground\UnscaledAccRecord893554_1_101_RSN94.png,dataset_rgb\train\sensor\UnscaledAccRecord893554_1_101_RSN94.png,dataset_rgb\train\mask\UnscaledAccRecord893554_1_101_RSN94.png,dataset_rgb\train\target\UnscaledAccRecord893554_1_101_RSN94.png
train,UnscaledAccRecord893554_1_101_RSN96,dataset_rgb\train\ground\UnscaledAccRecord893554_1_101_RSN96.png,dataset_rgb\train\sensor\UnscaledAccRecord893554_1_101_RSN96.png,dataset_rgb\train\mask\UnscaledAccRecord893554_1_101_RSN96.png,dataset_rgb\train\target\UnscaledAccRecord893554_1_101_RSN96.png
train,UnscaledAccRecord893554_1_101_RSN99,dataset_rgb\train\ground\UnscaledAccRecord893554_1_101_RSN99.png,dataset_rgb\train\sensor\UnscaledAccRecord893554_1_101_RSN99.png,dataset_rgb\train\mask\UnscaledAccRecord893554_1_101_RSN99.png,dataset_rgb\train\target\UnscaledAccRecord893554_1_101_RSN99.png
train,UnscaledAccRecord893554_2901_3007_RSN2903,dataset_rgb\train\ground\UnscaledAccRecord893554_2901_3007_RSN2903.png,dataset_rgb\train\sensor\UnscaledAccRecord893554_2901_3007_RSN2903.png,dataset_rgb\train\mask\UnscaledAccRecord893554_2901_3007_RSN2903.png,dataset_rgb\train\target\UnscaledAccRecord893554_2901_3007_RSN2903.png
train,UnscaledAccRecord893554_2901_3007_RSN2904,dataset_rgb\train\ground\UnscaledAccRecord893554_2901_3007_RSN2904.png,dataset_rgb\train\sensor\UnscaledAccRecord893554_2901_3007_RSN2904.png,dataset_rgb\train\mask\UnscaledAccRecord893554_2901_3007_RSN2904.png,dataset_rgb\train\target\UnscaledAccRecord893554_2901_3007_RSN2904.png
train,UnscaledAccRecord893554_2901_3007_RSN2905,dataset_rgb\train\ground\UnscaledAccRecord893554_2901_3007_RSN2905.png,dataset_rgb\train\sensor\UnscaledAccRecord893554_2901_3007_RSN2905.png,dataset_rgb\train\mask\UnscaledAccRecord893554_2901_3007_RSN2905.png,dataset_rgb\train\target\UnscaledAccRecord893554_2901_3007_RSN2905.png
train,UnscaledAccRecord893554_2901_3007_RSN2906,dataset_rgb\train\ground\UnscaledAccRecord893554_2901_3007_RSN2906.png,dataset_rgb\train\sensor\UnscaledAccRecord893554_2901_3007_RSN2906.png,dataset_rgb\train\mask\UnscaledAccRecord893554_2901_3007_RSN2906.png,dataset_rgb\train\target\UnscaledAccRecord893554_2901_3007_RSN2906.png
train,UnscaledAccRecord893554_2901_3007_RSN2908,dataset_rgb\train\ground\UnscaledAccRecord893554_2901_3007_RSN2908.png,dataset_rgb\train\sensor\UnscaledAccRecord893554_2901_3007_RSN2908.png,dataset_rgb\train\mask\UnscaledAccRecord893554_2901_3007_RSN2908.png,dataset_rgb\train\target\UnscaledAccRecord893554_2901_3007_RSN2908.png
train,UnscaledAccRecord893554_2901_3007_RSN2910,dataset_rgb\train\ground\UnscaledAccRecord893554_2901_3007_RSN2910.png,dataset_rgb\train\sensor\UnscaledAccRecord893554_2901_3007_RSN2910.png,dataset_rgb\train\mask\UnscaledAccRecord893554_2901_3007_RSN2910.png,dataset_rgb\train\target\UnscaledAccRecord893554_2901_3007_RSN2910.png
train,UnscaledAccRecord893554_2901_3007_RSN2912,dataset_rgb\train\ground\UnscaledAccRecord893554_2901_3007_RSN2912.png,dataset_rgb\train\sensor\UnscaledAccRecord893554_2901_3007_RSN2912.png,dataset_rgb\train\mask\UnscaledAccRecord893554_2901_3007_RSN2912.png,dataset_rgb\train\target\UnscaledAccRecord893554_2901_3007_RSN2912.png
train,UnscaledAccRecord893554_2901_3007_RSN2913,dataset_rgb\train\ground\UnscaledAccRecord893554_2901_3007_RSN2913.png,dataset_rgb\train\sensor\UnscaledAccRecord893554_2901_3007_RSN2913.png,dataset_rgb\train\mask\UnscaledAccRecord893554_2901_3007_RSN2913.png,dataset_rgb\train\target\UnscaledAccRecord893554_2901_3007_RSN2913.png
train,UnscaledAccRecord893554_2901_3007_RSN2914,dataset_rgb\train\ground\UnscaledAccRecord893554_2901_3007_RSN2914.png,dataset_rgb\train\sensor\UnscaledAccRecord893554_2901_3007_RSN2914.png,dataset_rgb\train\mask\UnscaledAccRecord893554_2901_3007_RSN2914.png,dataset_rgb\train\target\UnscaledAccRecord893554_2901_3007_RSN2914.png
train,UnscaledAccRecord893554_2901_3007_RSN2915,dataset_rgb\train\ground\UnscaledAccRecord893554_2901_3007_RSN2915.png,dataset_rgb\train\sensor\UnscaledAccRecord893554_2901_3007_RSN2915.png,dataset_rgb\train\mask\UnscaledAccRecord893554_2901_3007_RSN2915.png,dataset_rgb\train\target\UnscaledAccRecord893554_2901_3007_RSN2915.png
train,UnscaledAccRecord893554_2901_3007_RSN2917,dataset_rgb\train\ground\UnscaledAccRecord893554_2901_3007_RSN2917.png,dataset_rgb\train\sensor\UnscaledAccRecord893554_2901_3007_RSN2917.png,dataset_rgb\train\mask\UnscaledAccRecord893554_2901_3007_RSN2917.png,dataset_rgb\train\target\UnscaledAccRecord893554_2901_3007_RSN2917.png
train,UnscaledAccRecord893554_2901_3007_RSN2918,dataset_rgb\train\ground\UnscaledAccRecord893554_2901_3007_RSN2918.png,dataset_rgb\train\sensor\UnscaledAccRecord893554_2901_3007_RSN2918.png,dataset_rgb\train\mask\UnscaledAccRecord893554_2901_3007_RSN2918.png,dataset_rgb\train\target\UnscaledAccRecord893554_2901_3007_RSN2918.png
train,UnscaledAccRecord893554_2901_3007_RSN2920,dataset_rgb\train\ground\UnscaledAccRecord893554_2901_3007_RSN2920.png,dataset_rgb\train\sensor\UnscaledAccRecord893554_2901_3007_RSN2920.png,dataset_rgb\train\mask\UnscaledAccRecord893554_2901_3007_RSN2920.png,dataset_rgb\train\target\UnscaledAccRecord893554_2901_3007_RSN2920.png
train,UnscaledAccRecord893554_2901_3007_RSN2921,dataset_rgb\train\ground\UnscaledAccRecord893554_2901_3007_RSN2921.png,dataset_rgb\train\sensor\UnscaledAccRecord893554_2901_3007_RSN2921.png,dataset_rgb\train\mask\UnscaledAccRecord893554_2901_3007_RSN2921.png,dataset_rgb\train\target\UnscaledAccRecord893554_2901_3007_RSN2921.png
train,UnscaledAccRecord893554_2901_3007_RSN2922,dataset_rgb\train\ground\UnscaledAccRecord893554_2901_3007_RSN2922.png,dataset_rgb\train\sensor\UnscaledAccRecord893554_2901_3007_RSN2922.png,dataset_rgb\train\mask\UnscaledAccRecord893554_2901_3007_RSN2922.png,dataset_rgb\train\target\UnscaledAccRecord893554_2901_3007_RSN2922.png
train,UnscaledAccRecord893554_2901_3007_RSN2923,dataset_rgb\train\ground\UnscaledAccRecord893554_2901_3007_RSN2923.png,dataset_rgb\train\sensor\UnscaledAccRecord893554_2901_3007_RSN2923.png,dataset_rgb\train\mask\UnscaledAccRecord893554_2901_3007_RSN2923.png,dataset_rgb\train\target\UnscaledAccRecord893554_2901_3007_RSN2923.png
train,UnscaledAccRecord893554_2901_3007_RSN2924,dataset_rgb\train\ground\UnscaledAccRecord893554_2901_3007_RSN2924.png,dataset_rgb\train\sensor\UnscaledAccRecord893554_2901_3007_RSN2924.png,dataset_rgb\train\mask\UnscaledAccRecord893554_2901_3007_RSN2924.png,dataset_rgb\train\target\UnscaledAccRecord893554_2901_3007_RSN2924.png
train,UnscaledAccRecord893554_2901_3007_RSN2925,dataset_rgb\train\ground\UnscaledAccRecord893554_2901_3007_RSN2925.png,dataset_rgb\train\sensor\UnscaledAccRecord893554_2901_3007_RSN2925.png,dataset_rgb\train\mask\UnscaledAccRecord893554_2901_3007_RSN2925.png,dataset_rgb\train\target\UnscaledAccRecord893554_2901_3007_RSN2925.png
train,UnscaledAccRecord893554_2901_3007_RSN2926,dataset_rgb\train\ground\UnscaledAccRecord893554_2901_3007_RSN2926.png,dataset_rgb\train\sensor\UnscaledAccRecord893554_2901_3007_RSN2926.png,dataset_rgb\train\mask\UnscaledAccRecord893554_2901_3007_RSN2926.png,dataset_rgb\train\target\UnscaledAccRecord893554_2901_3007_RSN2926.png
train,UnscaledAccRecord893554_2901_3007_RSN2927,dataset_rgb\train\ground\UnscaledAccRecord893554_2901_3007_RSN2927.png,dataset_rgb\train\sensor\UnscaledAccRecord893554_2901_3007_RSN2927.png,dataset_rgb\train\mask\UnscaledAccRecord893554_2901_3007_RSN2927.png,dataset_rgb\train\target\UnscaledAccRecord893554_2901_3007_RSN2927.png
train,UnscaledAccRecord893554_2901_3007_RSN2928,dataset_rgb\train\ground\UnscaledAccRecord893554_2901_3007_RSN2928.png,dataset_rgb\train\sensor\UnscaledAccRecord893554_2901_3007_RSN2928.png,dataset_rgb\train\mask\UnscaledAccRecord893554_2901_3007_RSN2928.png,dataset_rgb\train\target\UnscaledAccRecord893554_2901_3007_RSN2928.png
train,UnscaledAccRecord893554_2901_3007_RSN2929,dataset_rgb\train\ground\UnscaledAccRecord893554_2901_3007_RSN2929.png,dataset_rgb\train\sensor\UnscaledAccRecord893554_2901_3007_RSN2929.png,dataset_rgb\train\mask\UnscaledAccRecord893554_2901_3007_RSN2929.png,dataset_rgb\train\target\UnscaledAccRecord893554_2901_3007_RSN2929.png
train,UnscaledAccRecord893554_2901_3007_RSN2932,dataset_rgb\train\ground\UnscaledAccRecord893554_2901_3007_RSN2932.png,dataset_rgb\train\sensor\UnscaledAccRecord893554_2901_3007_RSN2932.png,dataset_rgb\train\mask\UnscaledAccRecord893554_2901_3007_RSN2932.png,dataset_rgb\train\target\UnscaledAccRecord893554_2901_3007_RSN2932.png
train,UnscaledAccRecord893554_2901_3007_RSN2934,dataset_rgb\train\ground\UnscaledAccRecord893554_2901_3007_RSN2934.png,dataset_rgb\train\sensor\UnscaledAccRecord893554_2901_3007_RSN2934.png,dataset_rgb\train\mask\UnscaledAccRecord893554_2901_3007_RSN2934.png,dataset_rgb\train\target\UnscaledAccRecord893554_2901_3007_RSN2934.png
train,UnscaledAccRecord893554_2901_3007_RSN2938,dataset_rgb\train\ground\UnscaledAccRecord893554_2901_3007_RSN2938.png,dataset_rgb\train\sensor\UnscaledAccRecord893554_2901_3007_RSN2938.png,dataset_rgb\train\mask\UnscaledAccRecord893554_2901_3007_RSN2938.png,dataset_rgb\train\target\UnscaledAccRecord893554_2901_3007_RSN2938.png
train,UnscaledAccRecord893554_2901_3007_RSN2939,dataset_rgb\train\ground\UnscaledAccRecord893554_2901_3007_RSN2939.png,dataset_rgb\train\sensor\UnscaledAccRecord893554_2901_3007_RSN2939.png,dataset_rgb\train\mask\UnscaledAccRecord893554_2901_3007_RSN2939.png,dataset_rgb\train\target\UnscaledAccRecord893554_2901_3007_RSN2939.png
train,UnscaledAccRecord893554_2901_3007_RSN2941,dataset_rgb\train\ground\UnscaledAccRecord893554_2901_3007_RSN2941.png,dataset_rgb\train\sensor\UnscaledAccRecord893554_2901_3007_RSN2941.png,dataset_rgb\train\mask\UnscaledAccRecord893554_2901_3007_RSN2941.png,dataset_rgb\train\target\UnscaledAccRecord893554_2901_3007_RSN2941.png
train,UnscaledAccRecord893554_2901_3007_RSN2945,dataset_rgb\train\ground\UnscaledAccRecord893554_2901_3007_RSN2945.png,dataset_rgb\train\sensor\UnscaledAccRecord893554_2901_3007_RSN2945.png,dataset_rgb\train\mask\UnscaledAccRecord893554_2901_3007_RSN2945.png,dataset_rgb\train\target\UnscaledAccRecord893554_2901_3007_RSN2945.png
train,UnscaledAccRecord893554_2901_3007_RSN2947,dataset_rgb\train\ground\UnscaledAccRecord893554_2901_3007_RSN2947.png,dataset_rgb\train\sensor\UnscaledAccRecord893554_2901_3007_RSN2947.png,dataset_rgb\train\mask\UnscaledAccRecord893554_2901_3007_RSN2947.png,dataset_rgb\train\target\UnscaledAccRecord893554_2901_3007_RSN2947.png
train,UnscaledAccRecord893554_2901_3007_RSN2948,dataset_rgb\train\ground\UnscaledAccRecord893554_2901_3007_RSN2948.png,dataset_rgb\train\sensor\UnscaledAccRecord893554_2901_3007_RSN2948.png,dataset_rgb\train\mask\UnscaledAccRecord893554_2901_3007_RSN2948.png,dataset_rgb\train\target\UnscaledAccRecord893554_2901_3007_RSN2948.png
train,UnscaledAccRecord893554_2901_3007_RSN2949,dataset_rgb\train\ground\UnscaledAccRecord893554_2901_3007_RSN2949.png,dataset_rgb\train\sensor\UnscaledAccRecord893554_2901_3007_RSN2949.png,dataset_rgb\train\mask\UnscaledAccRecord893554_2901_3007_RSN2949.png,dataset_rgb\train\target\UnscaledAccRecord893554_2901_3007_RSN2949.png
train,UnscaledAccRecord893554_2901_3007_RSN2951,dataset_rgb\train\ground\UnscaledAccRecord893554_2901_3007_RSN2951.png,dataset_rgb\train\sensor\UnscaledAccRecord893554_2901_3007_RSN2951.png,dataset_rgb\train\mask\UnscaledAccRecord893554_2901_3007_RSN2951.png,dataset_rgb\train\target\UnscaledAccRecord893554_2901_3007_RSN2951.png
train,UnscaledAccRecord893554_2901_3007_RSN2952,dataset_rgb\train\ground\UnscaledAccRecord893554_2901_3007_RSN2952.png,dataset_rgb\train\sensor\UnscaledAccRecord893554_2901_3007_RSN2952.png,dataset_rgb\train\mask\UnscaledAccRecord893554_2901_3007_RSN2952.png,dataset_rgb\train\target\UnscaledAccRecord893554_2901_3007_RSN2952.png
train,UnscaledAccRecord893554_2901_3007_RSN2953,dataset_rgb\train\ground\UnscaledAccRecord893554_2901_3007_RSN2953.png,dataset_rgb\train\sensor\UnscaledAccRecord893554_2901_3007_RSN2953.png,dataset_rgb\train\mask\UnscaledAccRecord893554_2901_3007_RSN2953.png,dataset_rgb\train\target\UnscaledAccRecord893554_2901_3007_RSN2953.png
train,UnscaledAccRecord893554_2901_3007_RSN2956,dataset_rgb\train\ground\UnscaledAccRecord893554_2901_3007_RSN2956.png,dataset_rgb\train\sensor\UnscaledAccRecord893554_2901_3007_RSN2956.png,dataset_rgb\train\mask\UnscaledAccRecord893554_2901_3007_RSN2956.png,dataset_rgb\train\target\UnscaledAccRecord893554_2901_3007_RSN2956.png
train,UnscaledAccRecord893554_2901_3007_RSN2957,dataset_rgb\train\ground\UnscaledAccRecord893554_2901_3007_RSN2957.png,dataset_rgb\train\sensor\UnscaledAccRecord893554_2901_3007_RSN2957.png,dataset_rgb\train\mask\UnscaledAccRecord893554_2901_3007_RSN2957.png,dataset_rgb\train\target\UnscaledAccRecord893554_2901_3007_RSN2957.png
train,UnscaledAccRecord893554_2901_3007_RSN2962,dataset_rgb\train\ground\UnscaledAccRecord893554_2901_3007_RSN2962.png,dataset_rgb\train\sensor\UnscaledAccRecord893554_2901_3007_RSN2962.png,dataset_rgb\train\mask\UnscaledAccRecord893554_2901_3007_RSN2962.png,dataset_rgb\train\target\UnscaledAccRecord893554_2901_3007_RSN2962.png
train,UnscaledAccRecord893554_2901_3007_RSN2964,dataset_rgb\train\ground\UnscaledAccRecord893554_2901_3007_RSN2964.png,dataset_rgb\train\sensor\UnscaledAccRecord893554_2901_3007_RSN2964.png,dataset_rgb\train\mask\UnscaledAccRecord893554_2901_3007_RSN2964.png,dataset_rgb\train\target\UnscaledAccRecord893554_2901_3007_RSN2964.png
train,UnscaledAccRecord893554_2901_3007_RSN2965,dataset_rgb\train\ground\UnscaledAccRecord893554_2901_3007_RSN2965.png,dataset_rgb\train\sensor\UnscaledAccRecord893554_2901_3007_RSN2965.png,dataset_rgb\train\mask\UnscaledAccRecord893554_2901_3007_RSN2965.png,dataset_rgb\train\target\UnscaledAccRecord893554_2901_3007_RSN2965.png
train,UnscaledAccRecord893554_2901_3007_RSN2966,dataset_rgb\train\ground\UnscaledAccRecord893554_2901_3007_RSN2966.png,dataset_rgb\train\sensor\UnscaledAccRecord893554_2901_3007_RSN2966.png,dataset_rgb\train\mask\UnscaledAccRecord893554_2901_3007_RSN2966.png,dataset_rgb\train\target\UnscaledAccRecord893554_2901_3007_RSN2966.png
train,UnscaledAccRecord893554_2901_3007_RSN2968,dataset_rgb\train\ground\UnscaledAccRecord893554_2901_3007_RSN2968.png,dataset_rgb\train\sensor\UnscaledAccRecord893554_2901_3007_RSN2968.png,dataset_rgb\train\mask\UnscaledAccRecord893554_2901_3007_RSN2968.png,dataset_rgb\train\target\UnscaledAccRecord893554_2901_3007_RSN2968.png
train,UnscaledAccRecord893554_2901_3007_RSN2969,dataset_rgb\train\ground\UnscaledAccRecord893554_2901_3007_RSN2969.png,dataset_rgb\train\sensor\UnscaledAccRecord893554_2901_3007_RSN2969.png,dataset_rgb\train\mask\UnscaledAccRecord893554_2901_3007_RSN2969.png,dataset_rgb\train\target\UnscaledAccRecord893554_2901_3007_RSN2969.png
train,UnscaledAccRecord893554_2901_3007_RSN2970,dataset_rgb\train\ground\UnscaledAccRecord893554_2901_3007_RSN2970.png,dataset_rgb\train\sensor\UnscaledAccRecord893554_2901_3007_RSN2970.png,dataset_rgb\train\mask\UnscaledAccRecord893554_2901_3007_RSN2970.png,dataset_rgb\train\target\UnscaledAccRecord893554_2901_3007_RSN2970.png
train,UnscaledAccRecord893554_2901_3007_RSN2971,dataset_rgb\train\ground\UnscaledAccRecord893554_2901_3007_RSN2971.png,dataset_rgb\train\sensor\UnscaledAccRecord893554_2901_3007_RSN2971.png,dataset_rgb\train\mask\UnscaledAccRecord893554_2901_3007_RSN2971.png,dataset_rgb\train\target\UnscaledAccRecord893554_2901_3007_RSN2971.png
train,UnscaledAccRecord893554_2901_3007_RSN2972,dataset_rgb\train\ground\UnscaledAccRecord893554_2901_3007_RSN2972.png,dataset_rgb\train\sensor\UnscaledAccRecord893554_2901_3007_RSN2972.png,dataset_rgb\train\mask\UnscaledAccRecord893554_2901_3007_RSN2972.png,dataset_rgb\train\target\UnscaledAccRecord893554_2901_3007_RSN2972.png
train,UnscaledAccRecord893554_2901_3007_RSN2974,dataset_rgb\train\ground\UnscaledAccRecord893554_2901_3007_RSN2974.png,dataset_rgb\train\sensor\UnscaledAccRecord893554_2901_3007_RSN2974.png,dataset_rgb\train\mask\UnscaledAccRecord893554_2901_3007_RSN2974.png,dataset_rgb\train\target\UnscaledAccRecord893554_2901_3007_RSN2974.png
train,UnscaledAccRecord893554_2901_3007_RSN2975,dataset_rgb\train\ground\UnscaledAccRecord893554_2901_3007_RSN2975.png,dataset_rgb\train\sensor\UnscaledAccRecord893554_2901_3007_RSN2975.png,dataset_rgb\train\mask\UnscaledAccRecord893554_2901_3007_RSN2975.png,dataset_rgb\train\target\UnscaledAccRecord893554_2901_3007_RSN2975.png
train,UnscaledAccRecord893554_2901_3007_RSN2976,dataset_rgb\train\ground\UnscaledAccRecord893554_2901_3007_RSN2976.png,dataset_rgb\train\sensor\UnscaledAccRecord893554_2901_3007_RSN2976.png,dataset_rgb\train\mask\UnscaledAccRecord893554_2901_3007_RSN2976.png,dataset_rgb\train\target\UnscaledAccRecord893554_2901_3007_RSN2976.png
train,UnscaledAccRecord893554_2901_3007_RSN2977,dataset_rgb\train\ground\UnscaledAccRecord893554_2901_3007_RSN2977.png,dataset_rgb\train\sensor\UnscaledAccRecord893554_2901_3007_RSN2977.png,dataset_rgb\train\mask\UnscaledAccRecord893554_2901_3007_RSN2977.png,dataset_rgb\train\target\UnscaledAccRecord893554_2901_3007_RSN2977.png
train,UnscaledAccRecord893554_2901_3007_RSN2978,dataset_rgb\train\ground\UnscaledAccRecord893554_2901_3007_RSN2978.png,dataset_rgb\train\sensor\UnscaledAccRecord893554_2901_3007_RSN2978.png,dataset_rgb\train\mask\UnscaledAccRecord893554_2901_3007_RSN2978.png,dataset_rgb\train\target\UnscaledAccRecord893554_2901_3007_RSN2978.png
train,UnscaledAccRecord893554_2901_3007_RSN2980,dataset_rgb\train\ground\UnscaledAccRecord893554_2901_3007_RSN2980.png,dataset_rgb\train\sensor\UnscaledAccRecord893554_2901_3007_RSN2980.png,dataset_rgb\train\mask\UnscaledAccRecord893554_2901_3007_RSN2980.png,dataset_rgb\train\target\UnscaledAccRecord893554_2901_3007_RSN2980.png
train,UnscaledAccRecord893554_2901_3007_RSN2981,dataset_rgb\train\ground\UnscaledAccRecord893554_2901_3007_RSN2981.png,dataset_rgb\train\sensor\UnscaledAccRecord893554_2901_3007_RSN2981.png,dataset_rgb\train\mask\UnscaledAccRecord893554_2901_3007_RSN2981.png,dataset_rgb\train\target\UnscaledAccRecord893554_2901_3007_RSN2981.png
train,UnscaledAccRecord893554_2901_3007_RSN2982,dataset_rgb\train\ground\UnscaledAccRecord893554_2901_3007_RSN2982.png,dataset_rgb\train\sensor\UnscaledAccRecord893554_2901_3007_RSN2982.png,dataset_rgb\train\mask\UnscaledAccRecord893554_2901_3007_RSN2982.png,dataset_rgb\train\target\UnscaledAccRecord893554_2901_3007_RSN2982.png
train,UnscaledAccRecord893554_2901_3007_RSN2983,dataset_rgb\train\ground\UnscaledAccRecord893554_2901_3007_RSN2983.png,dataset_rgb\train\sensor\UnscaledAccRecord893554_2901_3007_RSN2983.png,dataset_rgb\train\mask\UnscaledAccRecord893554_2901_3007_RSN2983.png,dataset_rgb\train\target\UnscaledAccRecord893554_2901_3007_RSN2983.png
train,UnscaledAccRecord893554_2901_3007_RSN2985,dataset_rgb\train\ground\UnscaledAccRecord893554_2901_3007_RSN2985.png,dataset_rgb\train\sensor\UnscaledAccRecord893554_2901_3007_RSN2985.png,dataset_rgb\train\mask\UnscaledAccRecord893554_2901_3007_RSN2985.png,dataset_rgb\train\target\UnscaledAccRecord893554_2901_3007_RSN2985.png
train,UnscaledAccRecord893554_2901_3007_RSN2986,dataset_rgb\train\ground\UnscaledAccRecord893554_2901_3007_RSN2986.png,dataset_rgb\train\sensor\UnscaledAccRecord893554_2901_3007_RSN2986.png,dataset_rgb\train\mask\UnscaledAccRecord893554_2901_3007_RSN2986.png,dataset_rgb\train\target\UnscaledAccRecord893554_2901_3007_RSN2986.png
train,UnscaledAccRecord893554_2901_3007_RSN2987,dataset_rgb\train\ground\UnscaledAccRecord893554_2901_3007_RSN2987.png,dataset_rgb\train\sensor\UnscaledAccRecord893554_2901_3007_RSN2987.png,dataset_rgb\train\mask\UnscaledAccRecord893554_2901_3007_RSN2987.png,dataset_rgb\train\target\UnscaledAccRecord893554_2901_3007_RSN2987.png
train,UnscaledAccRecord893554_2901_3007_RSN2988,dataset_rgb\train\ground\UnscaledAccRecord893554_2901_3007_RSN2988.png,dataset_rgb\train\sensor\UnscaledAccRecord893554_2901_3007_RSN2988.png,dataset_rgb\train\mask\UnscaledAccRecord893554_2901_3007_RSN2988.png,dataset_rgb\train\target\UnscaledAccRecord893554_2901_3007_RSN2988.png
train,UnscaledAccRecord893554_2901_3007_RSN2989,dataset_rgb\train\ground\UnscaledAccRecord893554_2901_3007_RSN2989.png,dataset_rgb\train\sensor\UnscaledAccRecord893554_2901_3007_RSN2989.png,dataset_rgb\train\mask\UnscaledAccRecord893554_2901_3007_RSN2989.png,dataset_rgb\train\target\UnscaledAccRecord893554_2901_3007_RSN2989.png
train,UnscaledAccRecord893554_2901_3007_RSN2992,dataset_rgb\train\ground\UnscaledAccRecord893554_2901_3007_RSN2992.png,dataset_rgb\train\sensor\UnscaledAccRecord893554_2901_3007_RSN2992.png,dataset_rgb\train\mask\UnscaledAccRecord893554_2901_3007_RSN2992.png,dataset_rgb\train\target\UnscaledAccRecord893554_2901_3007_RSN2992.png
train,UnscaledAccRecord893554_2901_3007_RSN2993,dataset_rgb\train\ground\UnscaledAccRecord893554_2901_3007_RSN2993.png,dataset_rgb\train\sensor\UnscaledAccRecord893554_2901_3007_RSN2993.png,dataset_rgb\train\mask\UnscaledAccRecord893554_2901_3007_RSN2993.png,dataset_rgb\train\target\UnscaledAccRecord893554_2901_3007_RSN2993.png
train,UnscaledAccRecord893554_2901_3007_RSN2994,dataset_rgb\train\ground\UnscaledAccRecord893554_2901_3007_RSN2994.png,dataset_rgb\train\sensor\UnscaledAccRecord893554_2901_3007_RSN2994.png,dataset_rgb\train\mask\UnscaledAccRecord893554_2901_3007_RSN2994.png,dataset_rgb\train\target\UnscaledAccRecord893554_2901_3007_RSN2994.png
train,UnscaledAccRecord893554_2901_3007_RSN2995,dataset_rgb\train\ground\UnscaledAccRecord893554_2901_3007_RSN2995.png,dataset_rgb\train\sensor\UnscaledAccRecord893554_2901_3007_RSN2995.png,dataset_rgb\train\mask\UnscaledAccRecord893554_2901_3007_RSN2995.png,dataset_rgb\train\target\UnscaledAccRecord893554_2901_3007_RSN2995.png
train,UnscaledAccRecord893554_2901_3007_RSN2998,dataset_rgb\train\ground\UnscaledAccRecord893554_2901_3007_RSN2998.png,dataset_rgb\train\sensor\UnscaledAccRecord893554_2901_3007_RSN2998.png,dataset_rgb\train\mask\UnscaledAccRecord893554_2901_3007_RSN2998.png,dataset_rgb\train\target\UnscaledAccRecord893554_2901_3007_RSN2998.png
train,UnscaledAccRecord893554_2901_3007_RSN3001,dataset_rgb\train\ground\UnscaledAccRecord893554_2901_3007_RSN3001.png,dataset_rgb\train\sensor\UnscaledAccRecord893554_2901_3007_RSN3001.png,dataset_rgb\train\mask\UnscaledAccRecord893554_2901_3007_RSN3001.png,dataset_rgb\train\target\UnscaledAccRecord893554_2901_3007_RSN3001.png
train,UnscaledAccRecord893554_2901_3007_RSN3002,dataset_rgb\train\ground\UnscaledAccRecord893554_2901_3007_RSN3002.png,dataset_rgb\train\sensor\UnscaledAccRecord893554_2901_3007_RSN3002.png,dataset_rgb\train\mask\UnscaledAccRecord893554_2901_3007_RSN3002.png,dataset_rgb\train\target\UnscaledAccRecord893554_2901_3007_RSN3002.png
train,UnscaledAccRecord893554_2901_3007_RSN3005,dataset_rgb\train\ground\UnscaledAccRecord893554_2901_3007_RSN3005.png,dataset_rgb\train\sensor\UnscaledAccRecord893554_2901_3007_RSN3005.png,dataset_rgb\train\mask\UnscaledAccRecord893554_2901_3007_RSN3005.png,dataset_rgb\train\target\UnscaledAccRecord893554_2901_3007_RSN3005.png
train,UnscaledAccRecord893554_2901_3007_RSN3007,dataset_rgb\train\ground\UnscaledAccRecord893554_2901_3007_RSN3007.png,dataset_rgb\train\sensor\UnscaledAccRecord893554_2901_3007_RSN3007.png,dataset_rgb\train\mask\UnscaledAccRecord893554_2901_3007_RSN3007.png,dataset_rgb\train\target\UnscaledAccRecord893554_2901_3007_RSN3007.png
train,UnscaledAccRecord893554_4901_5008_RSN4901,dataset_rgb\train\ground\UnscaledAccRecord893554_4901_5008_RSN4901.png,dataset_rgb\train\sensor\UnscaledAccRecord893554_4901_5008_RSN4901.png,dataset_rgb\train\mask\UnscaledAccRecord893554_4901_5008_RSN4901.png,dataset_rgb\train\target\UnscaledAccRecord893554_4901_5008_RSN4901.png
train,UnscaledAccRecord893554_4901_5008_RSN4903,dataset_rgb\train\ground\UnscaledAccRecord893554_4901_5008_RSN4903.png,dataset_rgb\train\sensor\UnscaledAccRecord893554_4901_5008_RSN4903.png,dataset_rgb\train\mask\UnscaledAccRecord893554_4901_5008_RSN4903.png,dataset_rgb\train\target\UnscaledAccRecord893554_4901_5008_RSN4903.png
train,UnscaledAccRecord893554_4901_5008_RSN4904,dataset_rgb\train\ground\UnscaledAccRecord893554_4901_5008_RSN4904.png,dataset_rgb\train\sensor\UnscaledAccRecord893554_4901_5008_RSN4904.png,dataset_rgb\train\mask\UnscaledAccRecord893554_4901_5008_RSN4904.png,dataset_rgb\train\target\UnscaledAccRecord893554_4901_5008_RSN4904.png
train,UnscaledAccRecord893554_4901_5008_RSN4905,dataset_rgb\train\ground\UnscaledAccRecord893554_4901_5008_RSN4905.png,dataset_rgb\train\sensor\UnscaledAccRecord893554_4901_5008_RSN4905.png,dataset_rgb\train\mask\UnscaledAccRecord893554_4901_5008_RSN4905.png,dataset_rgb\train\target\UnscaledAccRecord893554_4901_5008_RSN4905.png
train,UnscaledAccRecord893554_4901_5008_RSN4906,dataset_rgb\train\ground\UnscaledAccRecord893554_4901_5008_RSN4906.png,dataset_rgb\train\sensor\UnscaledAccRecord893554_4901_5008_RSN4906.png,dataset_rgb\train\mask\UnscaledAccRecord893554_4901_5008_RSN4906.png,dataset_rgb\train\target\UnscaledAccRecord893554_4901_5008_RSN4906.png
train,UnscaledAccRecord893554_4901_5008_RSN4907,dataset_rgb\train\ground\UnscaledAccRecord893554_4901_5008_RSN4907.png,dataset_rgb\train\sensor\UnscaledAccRecord893554_4901_5008_RSN4907.png,dataset_rgb\train\mask\UnscaledAccRecord893554_4901_5008_RSN4907.png,dataset_rgb\train\target\UnscaledAccRecord893554_4901_5008_RSN4907.png
train,UnscaledAccRecord893554_4901_5008_RSN4909,dataset_rgb\train\ground\UnscaledAccRecord893554_4901_5008_RSN4909.png,dataset_rgb\train\sensor\UnscaledAccRecord893554_4901_5008_RSN4909.png,dataset_rgb\train\mask\UnscaledAccRecord893554_4901_5008_RSN4909.png,dataset_rgb\train\target\UnscaledAccRecord893554_4901_5008_RSN4909.png
train,UnscaledAccRecord893554_4901_5008_RSN4910,dataset_rgb\train\ground\UnscaledAccRecord893554_4901_5008_RSN4910.png,dataset_rgb\train\sensor\UnscaledAccRecord893554_4901_5008_RSN4910.png,dataset_rgb\train\mask\UnscaledAccRecord893554_4901_5008_RSN4910.png,dataset_rgb\train\target\UnscaledAccRecord893554_4901_5008_RSN4910.png
train,UnscaledAccRecord893554_4901_5008_RSN4911,dataset_rgb\train\ground\UnscaledAccRecord893554_4901_5008_RSN4911.png,dataset_rgb\train\sensor\UnscaledAccRecord893554_4901_5008_RSN4911.png,dataset_rgb\train\mask\UnscaledAccRecord893554_4901_5008_RSN4911.png,dataset_rgb\train\target\UnscaledAccRecord893554_4901_5008_RSN4911.png
train,UnscaledAccRecord893554_4901_5008_RSN4915,dataset_rgb\train\ground\UnscaledAccRecord893554_4901_5008_RSN4915.png,dataset_rgb\train\sensor\UnscaledAccRecord893554_4901_5008_RSN4915.png,dataset_rgb\train\mask\UnscaledAccRecord893554_4901_5008_RSN4915.png,dataset_rgb\train\target\UnscaledAccRecord893554_4901_5008_RSN4915.png
train,UnscaledAccRecord893554_4901_5008_RSN4916,dataset_rgb\train\ground\UnscaledAccRecord893554_4901_5008_RSN4916.png,dataset_rgb\train\sensor\UnscaledAccRecord893554_4901_5008_RSN4916.png,dataset_rgb\train\mask\UnscaledAccRecord893554_4901_5008_RSN4916.png,dataset_rgb\train\target\UnscaledAccRecord893554_4901_5008_RSN4916.png
train,UnscaledAccRecord893554_4901_5008_RSN4917,dataset_rgb\train\ground\UnscaledAccRecord893554_4901_5008_RSN4917.png,dataset_rgb\train\sensor\UnscaledAccRecord893554_4901_5008_RSN4917.png,dataset_rgb\train\mask\UnscaledAccRecord893554_4901_5008_RSN4917.png,dataset_rgb\train\target\UnscaledAccRecord893554_4901_5008_RSN4917.png
train,UnscaledAccRecord893554_4901_5008_RSN4919,dataset_rgb\train\ground\UnscaledAccRecord893554_4901_5008_RSN4919.png,dataset_rgb\train\sensor\UnscaledAccRecord893554_4901_5008_RSN4919.png,dataset_rgb\train\mask\UnscaledAccRecord893554_4901_5008_RSN4919.png,dataset_rgb\train\target\UnscaledAccRecord893554_4901_5008_RSN4919.png
train,UnscaledAccRecord893554_4901_5008_RSN4921,dataset_rgb\train\ground\UnscaledAccRecord893554_4901_5008_RSN4921.png,dataset_rgb\train\sensor\UnscaledAccRecord893554_4901_5008_RSN4921.png,dataset_rgb\train\mask\UnscaledAccRecord893554_4901_5008_RSN4921.png,dataset_rgb\train\target\UnscaledAccRecord893554_4901_5008_RSN4921.png
train,UnscaledAccRecord893554_4901_5008_RSN4922,dataset_rgb\train\ground\UnscaledAccRecord893554_4901_5008_RSN4922.png,dataset_rgb\train\sensor\UnscaledAccRecord893554_4901_5008_RSN4922.png,dataset_rgb\train\mask\UnscaledAccRecord893554_4901_5008_RSN4922.png,dataset_rgb\train\target\UnscaledAccRecord893554_4901_5008_RSN4922.png
train,UnscaledAccRecord893554_4901_5008_RSN4923,dataset_rgb\train\ground\UnscaledAccRecord893554_4901_5008_RSN4923.png,dataset_rgb\train\sensor\UnscaledAccRecord893554_4901_5008_RSN4923.png,dataset_rgb\train\mask\UnscaledAccRecord893554_4901_5008_RSN4923.png,dataset_rgb\train\target\UnscaledAccRecord893554_4901_5008_RSN4923.png
train,UnscaledAccRecord893554_4901_5008_RSN4927,dataset_rgb\train\ground\UnscaledAccRecord893554_4901_5008_RSN4927.png,dataset_rgb\train\sensor\UnscaledAccRecord893554_4901_5008_RSN4927.png,dataset_rgb\train\mask\UnscaledAccRecord893554_4901_5008_RSN4927.png,dataset_rgb\train\target\UnscaledAccRecord893554_4901_5008_RSN4927.png
train,UnscaledAccRecord893554_4901_5008_RSN4930,dataset_rgb\train\ground\UnscaledAccRecord893554_4901_5008_RSN4930.png,dataset_rgb\train\sensor\UnscaledAccRecord893554_4901_5008_RSN4930.png,dataset_rgb\train\mask\UnscaledAccRecord893554_4901_5008_RSN4930.png,dataset_rgb\train\target\UnscaledAccRecord893554_4901_5008_RSN4930.png
train,UnscaledAccRecord893554_4901_5008_RSN4933,dataset_rgb\train\ground\UnscaledAccRecord893554_4901_5008_RSN4933.png,dataset_rgb\train\sensor\UnscaledAccRecord893554_4901_5008_RSN4933.png,dataset_rgb\train\mask\UnscaledAccRecord893554_4901_5008_RSN4933.png,dataset_rgb\train\target\UnscaledAccRecord893554_4901_5008_RSN4933.png
train,UnscaledAccRecord893554_4901_5008_RSN4935,dataset_rgb\train\ground\UnscaledAccRecord893554_4901_5008_RSN4935.png,dataset_rgb\train\sensor\UnscaledAccRecord893554_4901_5008_RSN4935.png,dataset_rgb\train\mask\UnscaledAccRecord893554_4901_5008_RSN4935.png,dataset_rgb\train\target\UnscaledAccRecord893554_4901_5008_RSN4935.png
train,UnscaledAccRecord893554_4901_5008_RSN4938,dataset_rgb\train\ground\UnscaledAccRecord893554_4901_5008_RSN4938.png,dataset_rgb\train\sensor\UnscaledAccRecord893554_4901_5008_RSN4938.png,dataset_rgb\train\mask\UnscaledAccRecord893554_4901_5008_RSN4938.png,dataset_rgb\train\target\UnscaledAccRecord893554_4901_5008_RSN4938.png
train,UnscaledAccRecord893554_4901_5008_RSN4939,dataset_rgb\train\ground\UnscaledAccRecord893554_4901_5008_RSN4939.png,dataset_rgb\train\sensor\UnscaledAccRecord893554_4901_5008_RSN4939.png,dataset_rgb\train\mask\UnscaledAccRecord893554_4901_5008_RSN4939.png,dataset_rgb\train\target\UnscaledAccRecord893554_4901_5008_RSN4939.png
train,UnscaledAccRecord893554_4901_5008_RSN4940,dataset_rgb\train\ground\UnscaledAccRecord893554_4901_5008_RSN4940.png,dataset_rgb\train\sensor\UnscaledAccRecord893554_4901_5008_RSN4940.png,dataset_rgb\train\mask\UnscaledAccRecord893554_4901_5008_RSN4940.png,dataset_rgb\train\target\UnscaledAccRecord893554_4901_5008_RSN4940.png
train,UnscaledAccRecord893554_4901_5008_RSN4941,dataset_rgb\train\ground\UnscaledAccRecord893554_4901_5008_RSN4941.png,dataset_rgb\train\sensor\UnscaledAccRecord893554_4901_5008_RSN4941.png,dataset_rgb\train\mask\UnscaledAccRecord893554_4901_5008_RSN4941.png,dataset_rgb\train\target\UnscaledAccRecord893554_4901_5008_RSN4941.png
train,UnscaledAccRecord893554_4901_5008_RSN4943,dataset_rgb\train\ground\UnscaledAccRecord893554_4901_5008_RSN4943.png,dataset_rgb\train\sensor\UnscaledAccRecord893554_4901_5008_RSN4943.png,dataset_rgb\train\mask\UnscaledAccRecord893554_4901_5008_RSN4943.png,dataset_rgb\train\target\UnscaledAccRecord893554_4901_5008_RSN4943.png
train,UnscaledAccRecord893554_4901_5008_RSN4944,dataset_rgb\train\ground\UnscaledAccRecord893554_4901_5008_RSN4944.png,dataset_rgb\train\sensor\UnscaledAccRecord893554_4901_5008_RSN4944.png,dataset_rgb\train\mask\UnscaledAccRecord893554_4901_5008_RSN4944.png,dataset_rgb\train\target\UnscaledAccRecord893554_4901_5008_RSN4944.png
train,UnscaledAccRecord893554_4901_5008_RSN4945,dataset_rgb\train\ground\UnscaledAccRecord893554_4901_5008_RSN4945.png,dataset_rgb\train\sensor\UnscaledAccRecord893554_4901_5008_RSN4945.png,dataset_rgb\train\mask\UnscaledAccRecord893554_4901_5008_RSN4945.png,dataset_rgb\train\target\UnscaledAccRecord893554_4901_5008_RSN4945.png
train,UnscaledAccRecord893554_4901_5008_RSN4949,dataset_rgb\train\ground\UnscaledAccRecord893554_4901_5008_RSN4949.png,dataset_rgb\train\sensor\UnscaledAccRecord893554_4901_5008_RSN4949.png,dataset_rgb\train\mask\UnscaledAccRecord893554_4901_5008_RSN4949.png,dataset_rgb\train\target\UnscaledAccRecord893554_4901_5008_RSN4949.png
train,UnscaledAccRecord893554_4901_5008_RSN4950,dataset_rgb\train\ground\UnscaledAccRecord893554_4901_5008_RSN4950.png,dataset_rgb\train\sensor\UnscaledAccRecord893554_4901_5008_RSN4950.png,dataset_rgb\train\mask\UnscaledAccRecord893554_4901_5008_RSN4950.png,dataset_rgb\train\target\UnscaledAccRecord893554_4901_5008_RSN4950.png
train,UnscaledAccRecord893554_4901_5008_RSN4951,dataset_rgb\train\ground\UnscaledAccRecord893554_4901_5008_RSN4951.png,dataset_rgb\train\sensor\UnscaledAccRecord893554_4901_5008_RSN4951.png,dataset_rgb\train\mask\UnscaledAccRecord893554_4901_5008_RSN4951.png,dataset_rgb\train\target\UnscaledAccRecord893554_4901_5008_RSN4951.png
train,UnscaledAccRecord893554_4901_5008_RSN4954,dataset_rgb\train\ground\UnscaledAccRecord893554_4901_5008_RSN4954.png,dataset_rgb\train\sensor\UnscaledAccRecord893554_4901_5008_RSN4954.png,dataset_rgb\train\mask\UnscaledAccRecord893554_4901_5008_RSN4954.png,dataset_rgb\train\target\UnscaledAccRecord893554_4901_5008_RSN4954.png
train,UnscaledAccRecord893554_4901_5008_RSN4955,dataset_rgb\train\ground\UnscaledAccRecord893554_4901_5008_RSN4955.png,dataset_rgb\train\sensor\UnscaledAccRecord893554_4901_5008_RSN4955.png,dataset_rgb\train\mask\UnscaledAccRecord893554_4901_5008_RSN4955.png,dataset_rgb\train\target\UnscaledAccRecord893554_4901_5008_RSN4955.png
train,UnscaledAccRecord893554_4901_5008_RSN4958,dataset_rgb\train\ground\UnscaledAccRecord893554_4901_5008_RSN4958.png,dataset_rgb\train\sensor\UnscaledAccRecord893554_4901_5008_RSN4958.png,dataset_rgb\train\mask\UnscaledAccRecord893554_4901_5008_RSN4958.png,dataset_rgb\train\target\UnscaledAccRecord893554_4901_5008_RSN4958.png
train,UnscaledAccRecord893554_4901_5008_RSN4959,dataset_rgb\train\ground\UnscaledAccRecord893554_4901_5008_RSN4959.png,dataset_rgb\train\sensor\UnscaledAccRecord893554_4901_5008_RSN4959.png,dataset_rgb\train\mask\UnscaledAccRecord893554_4901_5008_RSN4959.png,dataset_rgb\train\target\UnscaledAccRecord893554_4901_5008_RSN4959.png
train,UnscaledAccRecord893554_4901_5008_RSN4960,dataset_rgb\train\ground\UnscaledAccRecord893554_4901_5008_RSN4960.png,dataset_rgb\train\sensor\UnscaledAccRecord893554_4901_5008_RSN4960.png,dataset_rgb\train\mask\UnscaledAccRecord893554_4901_5008_RSN4960.png,dataset_rgb\train\target\UnscaledAccRecord893554_4901_5008_RSN4960.png
train,UnscaledAccRecord893554_4901_5008_RSN4961,dataset_rgb\train\ground\UnscaledAccRecord893554_4901_5008_RSN4961.png,dataset_rgb\train\sensor\UnscaledAccRecord893554_4901_5008_RSN4961.png,dataset_rgb\train\mask\UnscaledAccRecord893554_4901_5008_RSN4961.png,dataset_rgb\train\target\UnscaledAccRecord893554_4901_5008_RSN4961.png
train,UnscaledAccRecord893554_4901_5008_RSN4962,dataset_rgb\train\ground\UnscaledAccRecord893554_4901_5008_RSN4962.png,dataset_rgb\train\sensor\UnscaledAccRecord893554_4901_5008_RSN4962.png,dataset_rgb\train\mask\UnscaledAccRecord893554_4901_5008_RSN4962.png,dataset_rgb\train\target\UnscaledAccRecord893554_4901_5008_RSN4962.png
train,UnscaledAccRecord893554_4901_5008_RSN4964,dataset_rgb\train\ground\UnscaledAccRecord893554_4901_5008_RSN4964.png,dataset_rgb\train\sensor\UnscaledAccRecord893554_4901_5008_RSN4964.png,dataset_rgb\train\mask\UnscaledAccRecord893554_4901_5008_RSN4964.png,dataset_rgb\train\target\UnscaledAccRecord893554_4901_5008_RSN4964.png
train,UnscaledAccRecord893554_4901_5008_RSN4965,dataset_rgb\train\ground\UnscaledAccRecord893554_4901_5008_RSN4965.png,dataset_rgb\train\sensor\UnscaledAccRecord893554_4901_5008_RSN4965.png,dataset_rgb\train\mask\UnscaledAccRecord893554_4901_5008_RSN4965.png,dataset_rgb\train\target\UnscaledAccRecord893554_4901_5008_RSN4965.png
train,UnscaledAccRecord893554_4901_5008_RSN4966,dataset_rgb\train\ground\UnscaledAccRecord893554_4901_5008_RSN4966.png,dataset_rgb\train\sensor\UnscaledAccRecord893554_4901_5008_RSN4966.png,dataset_rgb\train\mask\UnscaledAccRecord893554_4901_5008_RSN4966.png,dataset_rgb\train\target\UnscaledAccRecord893554_4901_5008_RSN4966.png
train,UnscaledAccRecord893554_4901_5008_RSN4967,dataset_rgb\train\ground\UnscaledAccRecord893554_4901_5008_RSN4967.png,dataset_rgb\train\sensor\UnscaledAccRecord893554_4901_5008_RSN4967.png,dataset_rgb\train\mask\UnscaledAccRecord893554_4901_5008_RSN4967.png,dataset_rgb\train\target\UnscaledAccRecord893554_4901_5008_RSN4967.png
train,UnscaledAccRecord893554_4901_5008_RSN4968,dataset_rgb\train\ground\UnscaledAccRecord893554_4901_5008_RSN4968.png,dataset_rgb\train\sensor\UnscaledAccRecord893554_4901_5008_RSN4968.png,dataset_rgb\train\mask\UnscaledAccRecord893554_4901_5008_RSN4968.png,dataset_rgb\train\target\UnscaledAccRecord893554_4901_5008_RSN4968.png
train,UnscaledAccRecord893554_4901_5008_RSN4969,dataset_rgb\train\ground\UnscaledAccRecord893554_4901_5008_RSN4969.png,dataset_rgb\train\sensor\UnscaledAccRecord893554_4901_5008_RSN4969.png,dataset_rgb\train\mask\UnscaledAccRecord893554_4901_5008_RSN4969.png,dataset_rgb\train\target\UnscaledAccRecord893554_4901_5008_RSN4969.png
train,UnscaledAccRecord893554_4901_5008_RSN4972,dataset_rgb\train\ground\UnscaledAccRecord893554_4901_5008_RSN4972.png,dataset_rgb\train\sensor\UnscaledAccRecord893554_4901_5008_RSN4972.png,dataset_rgb\train\mask\UnscaledAccRecord893554_4901_5008_RSN4972.png,dataset_rgb\train\target\UnscaledAccRecord893554_4901_5008_RSN4972.png
train,UnscaledAccRecord893554_4901_5008_RSN4973,dataset_rgb\train\ground\UnscaledAccRecord893554_4901_5008_RSN4973.png,dataset_rgb\train\sensor\UnscaledAccRecord893554_4901_5008_RSN4973.png,dataset_rgb\train\mask\UnscaledAccRecord893554_4901_5008_RSN4973.png,dataset_rgb\train\target\UnscaledAccRecord893554_4901_5008_RSN4973.png
train,UnscaledAccRecord893554_4901_5008_RSN4974,dataset_rgb\train\ground\UnscaledAccRecord893554_4901_5008_RSN4974.png,dataset_rgb\train\sensor\UnscaledAccRecord893554_4901_5008_RSN4974.png,dataset_rgb\train\mask\UnscaledAccRecord893554_4901_5008_RSN4974.png,dataset_rgb\train\target\UnscaledAccRecord893554_4901_5008_RSN4974.png
train,UnscaledAccRecord893554_4901_5008_RSN4976,dataset_rgb\train\ground\UnscaledAccRecord893554_4901_5008_RSN4976.png,dataset_rgb\train\sensor\UnscaledAccRecord893554_4901_5008_RSN4976.png,dataset_rgb\train\mask\UnscaledAccRecord893554_4901_5008_RSN4976.png,dataset_rgb\train\target\UnscaledAccRecord893554_4901_5008_RSN4976.png
train,UnscaledAccRecord893554_4901_5008_RSN4978,dataset_rgb\train\ground\UnscaledAccRecord893554_4901_5008_RSN4978.png,dataset_rgb\train\sensor\UnscaledAccRecord893554_4901_5008_RSN4978.png,dataset_rgb\train\mask\UnscaledAccRecord893554_4901_5008_RSN4978.png,dataset_rgb\train\target\UnscaledAccRecord893554_4901_5008_RSN4978.png
train,UnscaledAccRecord893554_4901_5008_RSN4979,dataset_rgb\train\ground\UnscaledAccRecord893554_4901_5008_RSN4979.png,dataset_rgb\train\sensor\UnscaledAccRecord893554_4901_5008_RSN4979.png,dataset_rgb\train\mask\UnscaledAccRecord893554_4901_5008_RSN4979.png,dataset_rgb\train\target\UnscaledAccRecord893554_4901_5008_RSN4979.png
train,UnscaledAccRecord893554_4901_5008_RSN4982,dataset_rgb\train\ground\UnscaledAccRecord893554_4901_5008_RSN4982.png,dataset_rgb\train\sensor\UnscaledAccRecord893554_4901_5008_RSN4982.png,dataset_rgb\train\mask\UnscaledAccRecord893554_4901_5008_RSN4982.png,dataset_rgb\train\target\UnscaledAccRecord893554_4901_5008_RSN4982.png
train,UnscaledAccRecord893554_4901_5008_RSN4983,dataset_rgb\train\ground\UnscaledAccRecord893554_4901_5008_RSN4983.png,dataset_rgb\train\sensor\UnscaledAccRecord893554_4901_5008_RSN4983.png,dataset_rgb\train\mask\UnscaledAccRecord893554_4901_5008_RSN4983.png,dataset_rgb\train\target\UnscaledAccRecord893554_4901_5008_RSN4983.png
train,UnscaledAccRecord893554_4901_5008_RSN4984,dataset_rgb\train\ground\UnscaledAccRecord893554_4901_5008_RSN4984.png,dataset_rgb\train\sensor\UnscaledAccRecord893554_4901_5008_RSN4984.png,dataset_rgb\train\mask\UnscaledAccRecord893554_4901_5008_RSN4984.png,dataset_rgb\train\target\UnscaledAccRecord893554_4901_5008_RSN4984.png
train,UnscaledAccRecord893554_4901_5008_RSN4985,dataset_rgb\train\ground\UnscaledAccRecord893554_4901_5008_RSN4985.png,dataset_rgb\train\sensor\UnscaledAccRecord893554_4901_5008_RSN4985.png,dataset_rgb\train\mask\UnscaledAccRecord893554_4901_5008_RSN4985.png,dataset_rgb\train\target\UnscaledAccRecord893554_4901_5008_RSN4985.png
train,UnscaledAccRecord893554_4901_5008_RSN4986,dataset_rgb\train\ground\UnscaledAccRecord893554_4901_5008_RSN4986.png,dataset_rgb\train\sensor\UnscaledAccRecord893554_4901_5008_RSN4986.png,dataset_rgb\train\mask\UnscaledAccRecord893554_4901_5008_RSN4986.png,dataset_rgb\train\target\UnscaledAccRecord893554_4901_5008_RSN4986.png
train,UnscaledAccRecord893554_4901_5008_RSN4989,dataset_rgb\train\ground\UnscaledAccRecord893554_4901_5008_RSN4989.png,dataset_rgb\train\sensor\UnscaledAccRecord893554_4901_5008_RSN4989.png,dataset_rgb\train\mask\UnscaledAccRecord893554_4901_5008_RSN4989.png,dataset_rgb\train\target\UnscaledAccRecord893554_4901_5008_RSN4989.png
train,UnscaledAccRecord893554_4901_5008_RSN4990,dataset_rgb\train\ground\UnscaledAccRecord893554_4901_5008_RSN4990.png,dataset_rgb\train\sensor\UnscaledAccRecord893554_4901_5008_RSN4990.png,dataset_rgb\train\mask\UnscaledAccRecord893554_4901_5008_RSN4990.png,dataset_rgb\train\target\UnscaledAccRecord893554_4901_5008_RSN4990.png
train,UnscaledAccRecord893554_4901_5008_RSN4991,dataset_rgb\train\ground\UnscaledAccRecord893554_4901_5008_RSN4991.png,dataset_rgb\train\sensor\UnscaledAccRecord893554_4901_5008_RSN4991.png,dataset_rgb\train\mask\UnscaledAccRecord893554_4901_5008_RSN4991.png,dataset_rgb\train\target\UnscaledAccRecord893554_4901_5008_RSN4991.png
train,UnscaledAccRecord893554_4901_5008_RSN4993,dataset_rgb\train\ground\UnscaledAccRecord893554_4901_5008_RSN4993.png,dataset_rgb\train\sensor\UnscaledAccRecord893554_4901_5008_RSN4993.png,dataset_rgb\train\mask\UnscaledAccRecord893554_4901_5008_RSN4993.png,dataset_rgb\train\target\UnscaledAccRecord893554_4901_5008_RSN4993.png
train,UnscaledAccRecord893554_4901_5008_RSN4994,dataset_rgb\train\ground\UnscaledAccRecord893554_4901_5008_RSN4994.png,dataset_rgb\train\sensor\UnscaledAccRecord893554_4901_5008_RSN4994.png,dataset_rgb\train\mask\UnscaledAccRecord893554_4901_5008_RSN4994.png,dataset_rgb\train\target\UnscaledAccRecord893554_4901_5008_RSN4994.png
train,UnscaledAccRecord893554_4901_5008_RSN4997,dataset_rgb\train\ground\UnscaledAccRecord893554_4901_5008_RSN4997.png,dataset_rgb\train\sensor\UnscaledAccRecord893554_4901_5008_RSN4997.png,dataset_rgb\train\mask\UnscaledAccRecord893554_4901_5008_RSN4997.png,dataset_rgb\train\target\UnscaledAccRecord893554_4901_5008_RSN4997.png
train,UnscaledAccRecord893554_4901_5008_RSN5001,dataset_rgb\train\ground\UnscaledAccRecord893554_4901_5008_RSN5001.png,dataset_rgb\train\sensor\UnscaledAccRecord893554_4901_5008_RSN5001.png,dataset_rgb\train\mask\UnscaledAccRecord893554_4901_5008_RSN5001.png,dataset_rgb\train\target\UnscaledAccRecord893554_4901_5008_RSN5001.png
train,UnscaledAccRecord893554_4901_5008_RSN5002,dataset_rgb\train\ground\UnscaledAccRecord893554_4901_5008_RSN5002.png,dataset_rgb\train\sensor\UnscaledAccRecord893554_4901_5008_RSN5002.png,dataset_rgb\train\mask\UnscaledAccRecord893554_4901_5008_RSN5002.png,dataset_rgb\train\target\UnscaledAccRecord893554_4901_5008_RSN5002.png
train,UnscaledAccRecord893554_4901_5008_RSN5004,dataset_rgb\train\ground\UnscaledAccRecord893554_4901_5008_RSN5004.png,dataset_rgb\train\sensor\UnscaledAccRecord893554_4901_5008_RSN5004.png,dataset_rgb\train\mask\UnscaledAccRecord893554_4901_5008_RSN5004.png,dataset_rgb\train\target\UnscaledAccRecord893554_4901_5008_RSN5004.png
train,UnscaledAccRecord893554_4901_5008_RSN5006,dataset_rgb\train\ground\UnscaledAccRecord893554_4901_5008_RSN5006.png,dataset_rgb\train\sensor\UnscaledAccRecord893554_4901_5008_RSN5006.png,dataset_rgb\train\mask\UnscaledAccRecord893554_4901_5008_RSN5006.png,dataset_rgb\train\target\UnscaledAccRecord893554_4901_5008_RSN5006.png
train,UnscaledAccRecord893554_4901_5008_RSN5007,dataset_rgb\train\ground\UnscaledAccRecord893554_4901_5008_RSN5007.png,dataset_rgb\train\sensor\UnscaledAccRecord893554_4901_5008_RSN5007.png,dataset_rgb\train\mask\UnscaledAccRecord893554_4901_5008_RSN5007.png,dataset_rgb\train\target\UnscaledAccRecord893554_4901_5008_RSN5007.png
val,UnscaledAccRecord893554_1001_1100_RSN1001,dataset_rgb\val\ground\UnscaledAccRecord893554_1001_1100_RSN1001.png,dataset_rgb\val\sensor\UnscaledAccRecord893554_1001_1100_RSN1001.png,dataset_rgb\val\mask\UnscaledAccRecord893554_1001_1100_RSN1001.png,dataset_rgb\val\target\UnscaledAccRecord893554_1001_1100_RSN1001.png
val,UnscaledAccRecord893554_1001_1100_RSN1018,dataset_rgb\val\ground\UnscaledAccRecord893554_1001_1100_RSN1018.png,dataset_rgb\val\sensor\UnscaledAccRecord893554_1001_1100_RSN1018.png,dataset_rgb\val\mask\UnscaledAccRecord893554_1001_1100_RSN1018.png,dataset_rgb\val\target\UnscaledAccRecord893554_1001_1100_RSN1018.png
val,UnscaledAccRecord893554_1001_1100_RSN1025,dataset_rgb\val\ground\UnscaledAccRecord893554_1001_1100_RSN1025.png,dataset_rgb\val\sensor\UnscaledAccRecord893554_1001_1100_RSN1025.png,dataset_rgb\val\mask\UnscaledAccRecord893554_1001_1100_RSN1025.png,dataset_rgb\val\target\UnscaledAccRecord893554_1001_1100_RSN1025.png
val,UnscaledAccRecord893554_1001_1100_RSN1028,dataset_rgb\val\ground\UnscaledAccRecord893554_1001_1100_RSN1028.png,dataset_rgb\val\sensor\UnscaledAccRecord893554_1001_1100_RSN1028.png,dataset_rgb\val\mask\UnscaledAccRecord893554_1001_1100_RSN1028.png,dataset_rgb\val\target\UnscaledAccRecord893554_1001_1100_RSN1028.png
val,UnscaledAccRecord893554_1001_1100_RSN1041,dataset_rgb\val\ground\UnscaledAccRecord893554_1001_1100_RSN1041.png,dataset_rgb\val\sensor\UnscaledAccRecord893554_1001_1100_RSN1041.png,dataset_rgb\val\mask\UnscaledAccRecord893554_1001_1100_RSN1041.png,dataset_rgb\val\target\UnscaledAccRecord893554_1001_1100_RSN1041.png
val,UnscaledAccRecord893554_1001_1100_RSN1045,dataset_rgb\val\ground\UnscaledAccRecord893554_1001_1100_RSN1045.png,dataset_rgb\val\sensor\UnscaledAccRecord893554_1001_1100_RSN1045.png,dataset_rgb\val\mask\UnscaledAccRecord893554_1001_1100_RSN1045.png,dataset_rgb\val\target\UnscaledAccRecord893554_1001_1100_RSN1045.png
val,UnscaledAccRecord893554_1001_1100_RSN1055,dataset_rgb\val\ground\UnscaledAccRecord893554_1001_1100_RSN1055.png,dataset_rgb\val\sensor\UnscaledAccRecord893554_1001_1100_RSN1055.png,dataset_rgb\val\mask\UnscaledAccRecord893554_1001_1100_RSN1055.png,dataset_rgb\val\target\UnscaledAccRecord893554_1001_1100_RSN1055.png
val,UnscaledAccRecord893554_1001_1100_RSN1057,dataset_rgb\val\ground\UnscaledAccRecord893554_1001_1100_RSN1057.png,dataset_rgb\val\sensor\UnscaledAccRecord893554_1001_1100_RSN1057.png,dataset_rgb\val\mask\UnscaledAccRecord893554_1001_1100_RSN1057.png,dataset_rgb\val\target\UnscaledAccRecord893554_1001_1100_RSN1057.png
val,UnscaledAccRecord893554_1001_1100_RSN1058,dataset_rgb\val\ground\UnscaledAccRecord893554_1001_1100_RSN1058.png,dataset_rgb\val\sensor\UnscaledAccRecord893554_1001_1100_RSN1058.png,dataset_rgb\val\mask\UnscaledAccRecord893554_1001_1100_RSN1058.png,dataset_rgb\val\target\UnscaledAccRecord893554_1001_1100_RSN1058.png
val,UnscaledAccRecord893554_1001_1100_RSN1065,dataset_rgb\val\ground\UnscaledAccRecord893554_1001_1100_RSN1065.png,dataset_rgb\val\sensor\UnscaledAccRecord893554_1001_1100_RSN1065.png,dataset_rgb\val\mask\UnscaledAccRecord893554_1001_1100_RSN1065.png,dataset_rgb\val\target\UnscaledAccRecord893554_1001_1100_RSN1065.png
val,UnscaledAccRecord893554_1001_1100_RSN1069,dataset_rgb\val\ground\UnscaledAccRecord893554_1001_1100_RSN1069.png,dataset_rgb\val\sensor\UnscaledAccRecord893554_1001_1100_RSN1069.png,dataset_rgb\val\mask\UnscaledAccRecord893554_1001_1100_RSN1069.png,dataset_rgb\val\target\UnscaledAccRecord893554_1001_1100_RSN1069.png
val,UnscaledAccRecord893554_1001_1100_RSN1079,dataset_rgb\val\ground\UnscaledAccRecord893554_1001_1100_RSN1079.png,dataset_rgb\val\sensor\UnscaledAccRecord893554_1001_1100_RSN1079.png,dataset_rgb\val\mask\UnscaledAccRecord893554_1001_1100_RSN1079.png,dataset_rgb\val\target\UnscaledAccRecord893554_1001_1100_RSN1079.png
val,UnscaledAccRecord893554_1001_1100_RSN1086,dataset_rgb\val\ground\UnscaledAccRecord893554_1001_1100_RSN1086.png,dataset_rgb\val\sensor\UnscaledAccRecord893554_1001_1100_RSN1086.png,dataset_rgb\val\mask\UnscaledAccRecord893554_1001_1100_RSN1086.png,dataset_rgb\val\target\UnscaledAccRecord893554_1001_1100_RSN1086.png
val,UnscaledAccRecord893554_1001_1100_RSN1088,dataset_rgb\val\ground\UnscaledAccRecord893554_1001_1100_RSN1088.png,dataset_rgb\val\sensor\UnscaledAccRecord893554_1001_1100_RSN1088.png,dataset_rgb\val\mask\UnscaledAccRecord893554_1001_1100_RSN1088.png,dataset_rgb\val\target\UnscaledAccRecord893554_1001_1100_RSN1088.png
val,UnscaledAccRecord893554_1001_1100_RSN1091,dataset_rgb\val\ground\UnscaledAccRecord893554_1001_1100_RSN1091.png,dataset_rgb\val\sensor\UnscaledAccRecord893554_1001_1100_RSN1091.png,dataset_rgb\val\mask\UnscaledAccRecord893554_1001_1100_RSN1091.png,dataset_rgb\val\target\UnscaledAccRecord893554_1001_1100_RSN1091.png
val,UnscaledAccRecord893554_1001_1100_RSN1094,dataset_rgb\val\ground\UnscaledAccRecord893554_1001_1100_RSN1094.png,dataset_rgb\val\sensor\UnscaledAccRecord893554_1001_1100_RSN1094.png,dataset_rgb\val\mask\UnscaledAccRecord893554_1001_1100_RSN1094.png,dataset_rgb\val\target\UnscaledAccRecord893554_1001_1100_RSN1094.png
val,UnscaledAccRecord893554_1001_1100_RSN1100,dataset_rgb\val\ground\UnscaledAccRecord893554_1001_1100_RSN1100.png,dataset_rgb\val\sensor\UnscaledAccRecord893554_1001_1100_RSN1100.png,dataset_rgb\val\mask\UnscaledAccRecord893554_1001_1100_RSN1100.png,dataset_rgb\val\target\UnscaledAccRecord893554_1001_1100_RSN1100.png
val,UnscaledAccRecord893554_102_204_RSN107,dataset_rgb\val\ground\UnscaledAccRecord893554_102_204_RSN107.png,dataset_rgb\val\sensor\UnscaledAccRecord893554_102_204_RSN107.png,dataset_rgb\val\mask\UnscaledAccRecord893554_102_204_RSN107.png,dataset_rgb\val\target\UnscaledAccRecord893554_102_204_RSN107.png
val,UnscaledAccRecord893554_102_204_RSN108,dataset_rgb\val\ground\UnscaledAccRecord893554_102_204_RSN108.png,dataset_rgb\val\sensor\UnscaledAccRecord893554_102_204_RSN108.png,dataset_rgb\val\mask\UnscaledAccRecord893554_102_204_RSN108.png,dataset_rgb\val\target\UnscaledAccRecord893554_102_204_RSN108.png
val,UnscaledAccRecord893554_102_204_RSN110,dataset_rgb\val\ground\UnscaledAccRecord893554_102_204_RSN110.png,dataset_rgb\val\sensor\UnscaledAccRecord893554_102_204_RSN110.png,dataset_rgb\val\mask\UnscaledAccRecord893554_102_204_RSN110.png,dataset_rgb\val\target\UnscaledAccRecord893554_102_204_RSN110.png
val,UnscaledAccRecord893554_102_204_RSN114,dataset_rgb\val\ground\UnscaledAccRecord893554_102_204_RSN114.png,dataset_rgb\val\sensor\UnscaledAccRecord893554_102_204_RSN114.png,dataset_rgb\val\mask\UnscaledAccRecord893554_102_204_RSN114.png,dataset_rgb\val\target\UnscaledAccRecord893554_102_204_RSN114.png
val,UnscaledAccRecord893554_102_204_RSN126,dataset_rgb\val\ground\UnscaledAccRecord893554_102_204_RSN126.png,dataset_rgb\val\sensor\UnscaledAccRecord893554_102_204_RSN126.png,dataset_rgb\val\mask\UnscaledAccRecord893554_102_204_RSN126.png,dataset_rgb\val\target\UnscaledAccRecord893554_102_204_RSN126.png
val,UnscaledAccRecord893554_102_204_RSN140,dataset_rgb\val\ground\UnscaledAccRecord893554_102_204_RSN140.png,dataset_rgb\val\sensor\UnscaledAccRecord893554_102_204_RSN140.png,dataset_rgb\val\mask\UnscaledAccRecord893554_102_204_RSN140.png,dataset_rgb\val\target\UnscaledAccRecord893554_102_204_RSN140.png
val,UnscaledAccRecord893554_102_204_RSN148,dataset_rgb\val\ground\UnscaledAccRecord893554_102_204_RSN148.png,dataset_rgb\val\sensor\UnscaledAccRecord893554_102_204_RSN148.png,dataset_rgb\val\mask\UnscaledAccRecord893554_102_204_RSN148.png,dataset_rgb\val\target\UnscaledAccRecord893554_102_204_RSN148.png
val,UnscaledAccRecord893554_102_204_RSN150,dataset_rgb\val\ground\UnscaledAccRecord893554_102_204_RSN150.png,dataset_rgb\val\sensor\UnscaledAccRecord893554_102_204_RSN150.png,dataset_rgb\val\mask\UnscaledAccRecord893554_102_204_RSN150.png,dataset_rgb\val\target\UnscaledAccRecord893554_102_204_RSN150.png
val,UnscaledAccRecord893554_102_204_RSN167,dataset_rgb\val\ground\UnscaledAccRecord893554_102_204_RSN167.png,dataset_rgb\val\sensor\UnscaledAccRecord893554_102_204_RSN167.png,dataset_rgb\val\mask\UnscaledAccRecord893554_102_204_RSN167.png,dataset_rgb\val\target\UnscaledAccRecord893554_102_204_RSN167.png
val,UnscaledAccRecord893554_102_204_RSN171,dataset_rgb\val\ground\UnscaledAccRecord893554_102_204_RSN171.png,dataset_rgb\val\sensor\UnscaledAccRecord893554_102_204_RSN171.png,dataset_rgb\val\mask\UnscaledAccRecord893554_102_204_RSN171.png,dataset_rgb\val\target\UnscaledAccRecord893554_102_204_RSN171.png
val,UnscaledAccRecord893554_102_204_RSN174,dataset_rgb\val\ground\UnscaledAccRecord893554_102_204_RSN174.png,dataset_rgb\val\sensor\UnscaledAccRecord893554_102_204_RSN174.png,dataset_rgb\val\mask\UnscaledAccRecord893554_102_204_RSN174.png,dataset_rgb\val\target\UnscaledAccRecord893554_102_204_RSN174.png
val,UnscaledAccRecord893554_102_204_RSN175,dataset_rgb\val\ground\UnscaledAccRecord893554_102_204_RSN175.png,dataset_rgb\val\sensor\UnscaledAccRecord893554_102_204_RSN175.png,dataset_rgb\val\mask\UnscaledAccRecord893554_102_204_RSN175.png,dataset_rgb\val\target\UnscaledAccRecord893554_102_204_RSN175.png
val,UnscaledAccRecord893554_102_204_RSN178,dataset_rgb\val\ground\UnscaledAccRecord893554_102_204_RSN178.png,dataset_rgb\val\sensor\UnscaledAccRecord893554_102_204_RSN178.png,dataset_rgb\val\mask\UnscaledAccRecord893554_102_204_RSN178.png,dataset_rgb\val\target\UnscaledAccRecord893554_102_204_RSN178.png
val,UnscaledAccRecord893554_102_204_RSN186,dataset_rgb\val\ground\UnscaledAccRecord893554_102_204_RSN186.png,dataset_rgb\val\sensor\UnscaledAccRecord893554_102_204_RSN186.png,dataset_rgb\val\mask\UnscaledAccRecord893554_102_204_RSN186.png,dataset_rgb\val\target\UnscaledAccRecord893554_102_204_RSN186.png
val,UnscaledAccRecord893554_102_204_RSN194,dataset_rgb\val\ground\UnscaledAccRecord893554_102_204_RSN194.png,dataset_rgb\val\sensor\UnscaledAccRecord893554_102_204_RSN194.png,dataset_rgb\val\mask\UnscaledAccRecord893554_102_204_RSN194.png,dataset_rgb\val\target\UnscaledAccRecord893554_102_204_RSN194.png
val,UnscaledAccRecord893554_102_204_RSN202,dataset_rgb\val\ground\UnscaledAccRecord893554_102_204_RSN202.png,dataset_rgb\val\sensor\UnscaledAccRecord893554_102_204_RSN202.png,dataset_rgb\val\mask\UnscaledAccRecord893554_102_204_RSN202.png,dataset_rgb\val\target\UnscaledAccRecord893554_102_204_RSN202.png
val,UnscaledAccRecord893554_1201_1305_RSN1202,dataset_rgb\val\ground\UnscaledAccRecord893554_1201_1305_RSN1202.png,dataset_rgb\val\sensor\UnscaledAccRecord893554_1201_1305_RSN1202.png,dataset_rgb\val\mask\UnscaledAccRecord893554_1201_1305_RSN1202.png,dataset_rgb\val\target\UnscaledAccRecord893554_1201_1305_RSN1202.png
val,UnscaledAccRecord893554_1201_1305_RSN1208,dataset_rgb\val\ground\UnscaledAccRecord893554_1201_1305_RSN1208.png,dataset_rgb\val\sensor\UnscaledAccRecord893554_1201_1305_RSN1208.png,dataset_rgb\val\mask\UnscaledAccRecord893554_1201_1305_RSN1208.png,dataset_rgb\val\target\UnscaledAccRecord893554_1201_1305_RSN1208.png
val,UnscaledAccRecord893554_1201_1305_RSN1219,dataset_rgb\val\ground\UnscaledAccRecord893554_1201_1305_RSN1219.png,dataset_rgb\val\sensor\UnscaledAccRecord893554_1201_1305_RSN1219.png,dataset_rgb\val\mask\UnscaledAccRecord893554_1201_1305_RSN1219.png,dataset_rgb\val\target\UnscaledAccRecord893554_1201_1305_RSN1219.png
val,UnscaledAccRecord893554_1201_1305_RSN1224,dataset_rgb\val\ground\UnscaledAccRecord893554_1201_1305_RSN1224.png,dataset_rgb\val\sensor\UnscaledAccRecord893554_1201_1305_RSN1224.png,dataset_rgb\val\mask\UnscaledAccRecord893554_1201_1305_RSN1224.png,dataset_rgb\val\target\UnscaledAccRecord893554_1201_1305_RSN1224.png
val,UnscaledAccRecord893554_1201_1305_RSN1225,dataset_rgb\val\ground\UnscaledAccRecord893554_1201_1305_RSN1225.png,dataset_rgb\val\sensor\UnscaledAccRecord893554_1201_1305_RSN1225.png,dataset_rgb\val\mask\UnscaledAccRecord893554_1201_1305_RSN1225.png,dataset_rgb\val\target\UnscaledAccRecord893554_1201_1305_RSN1225.png
val,UnscaledAccRecord893554_1201_1305_RSN1242,dataset_rgb\val\ground\UnscaledAccRecord893554_1201_1305_RSN1242.png,dataset_rgb\val\sensor\UnscaledAccRecord893554_1201_1305_RSN1242.png,dataset_rgb\val\mask\UnscaledAccRecord893554_1201_1305_RSN1242.png,dataset_rgb\val\target\UnscaledAccRecord893554_1201_1305_RSN1242.png
val,UnscaledAccRecord893554_1201_1305_RSN1244,dataset_rgb\val\ground\UnscaledAccRecord893554_1201_1305_RSN1244.png,dataset_rgb\val\sensor\UnscaledAccRecord893554_1201_1305_RSN1244.png,dataset_rgb\val\mask\UnscaledAccRecord893554_1201_1305_RSN1244.png,dataset_rgb\val\target\UnscaledAccRecord893554_1201_1305_RSN1244.png
val,UnscaledAccRecord893554_1201_1305_RSN1246,dataset_rgb\val\ground\UnscaledAccRecord893554_1201_1305_RSN1246.png,dataset_rgb\val\sensor\UnscaledAccRecord893554_1201_1305_RSN1246.png,dataset_rgb\val\mask\UnscaledAccRecord893554_1201_1305_RSN1246.png,dataset_rgb\val\target\UnscaledAccRecord893554_1201_1305_RSN1246.png
val,UnscaledAccRecord893554_1201_1305_RSN1247,dataset_rgb\val\ground\UnscaledAccRecord893554_1201_1305_RSN1247.png,dataset_rgb\val\sensor\UnscaledAccRecord893554_1201_1305_RSN1247.png,dataset_rgb\val\mask\UnscaledAccRecord893554_1201_1305_RSN1247.png,dataset_rgb\val\target\UnscaledAccRecord893554_1201_1305_RSN1247.png
val,UnscaledAccRecord893554_1201_1305_RSN1248,dataset_rgb\val\ground\UnscaledAccRecord893554_1201_1305_RSN1248.png,dataset_rgb\val\sensor\UnscaledAccRecord893554_1201_1305_RSN1248.png,dataset_rgb\val\mask\UnscaledAccRecord893554_1201_1305_RSN1248.png,dataset_rgb\val\target\UnscaledAccRecord893554_1201_1305_RSN1248.png
val,UnscaledAccRecord893554_1201_1305_RSN1277,dataset_rgb\val\ground\UnscaledAccRecord893554_1201_1305_RSN1277.png,dataset_rgb\val\sensor\UnscaledAccRecord893554_1201_1305_RSN1277.png,dataset_rgb\val\mask\UnscaledAccRecord893554_1201_1305_RSN1277.png,dataset_rgb\val\target\UnscaledAccRecord893554_1201_1305_RSN1277.png
val,UnscaledAccRecord893554_1201_1305_RSN1279,dataset_rgb\val\ground\UnscaledAccRecord893554_1201_1305_RSN1279.png,dataset_rgb\val\sensor\UnscaledAccRecord893554_1201_1305_RSN1279.png,dataset_rgb\val\mask\UnscaledAccRecord893554_1201_1305_RSN1279.png,dataset_rgb\val\target\UnscaledAccRecord893554_1201_1305_RSN1279.png
val,UnscaledAccRecord893554_1201_1305_RSN1285,dataset_rgb\val\ground\UnscaledAccRecord893554_1201_1305_RSN1285.png,dataset_rgb\val\sensor\UnscaledAccRecord893554_1201_1305_RSN1285.png,dataset_rgb\val\mask\UnscaledAccRecord893554_1201_1305_RSN1285.png,dataset_rgb\val\target\UnscaledAccRecord893554_1201_1305_RSN1285.png
val,UnscaledAccRecord893554_1201_1305_RSN1300,dataset_rgb\val\ground\UnscaledAccRecord893554_1201_1305_RSN1300.png,dataset_rgb\val\sensor\UnscaledAccRecord893554_1201_1305_RSN1300.png,dataset_rgb\val\mask\UnscaledAccRecord893554_1201_1305_RSN1300.png,dataset_rgb\val\target\UnscaledAccRecord893554_1201_1305_RSN1300.png
val,UnscaledAccRecord893554_1201_1305_RSN1301,dataset_rgb\val\ground\UnscaledAccRecord893554_1201_1305_RSN1301.png,dataset_rgb\val\sensor\UnscaledAccRecord893554_1201_1305_RSN1301.png,dataset_rgb\val\mask\UnscaledAccRecord893554_1201_1305_RSN1301.png,dataset_rgb\val\target\UnscaledAccRecord893554_1201_1305_RSN1301.png
val,UnscaledAccRecord893554_1201_1305_RSN1304,dataset_rgb\val\ground\UnscaledAccRecord893554_1201_1305_RSN1304.png,dataset_rgb\val\sensor\UnscaledAccRecord893554_1201_1305_RSN1304.png,dataset_rgb\val\mask\UnscaledAccRecord893554_1201_1305_RSN1304.png,dataset_rgb\val\target\UnscaledAccRecord893554_1201_1305_RSN1304.png
val,UnscaledAccRecord893554_1201_1305_RSN1305,dataset_rgb\val\ground\UnscaledAccRecord893554_1201_1305_RSN1305.png,dataset_rgb\val\sensor\UnscaledAccRecord893554_1201_1305_RSN1305.png,dataset_rgb\val\mask\UnscaledAccRecord893554_1201_1305_RSN1305.png,dataset_rgb\val\target\UnscaledAccRecord893554_1201_1305_RSN1305.png
val,UnscaledAccRecord893554_1501_1607_RSN1504,dataset_rgb\val\ground\UnscaledAccRecord893554_1501_1607_RSN1504.png,dataset_rgb\val\sensor\UnscaledAccRecord893554_1501_1607_RSN1504.png,dataset_rgb\val\mask\UnscaledAccRecord893554_1501_1607_RSN1504.png,dataset_rgb\val\target\UnscaledAccRecord893554_1501_1607_RSN1504.png
val,UnscaledAccRecord893554_1501_1607_RSN1506,dataset_rgb\val\ground\UnscaledAccRecord893554_1501_1607_RSN1506.png,dataset_rgb\val\sensor\UnscaledAccRecord893554_1501_1607_RSN1506.png,dataset_rgb\val\mask\UnscaledAccRecord893554_1501_1607_RSN1506.png,dataset_rgb\val\target\UnscaledAccRecord893554_1501_1607_RSN1506.png
val,UnscaledAccRecord893554_1501_1607_RSN1507,dataset_rgb\val\ground\UnscaledAccRecord893554_1501_1607_RSN1507.png,dataset_rgb\val\sensor\UnscaledAccRecord893554_1501_1607_RSN1507.png,dataset_rgb\val\mask\UnscaledAccRecord893554_1501_1607_RSN1507.png,dataset_rgb\val\target\UnscaledAccRecord893554_1501_1607_RSN1507.png
val,UnscaledAccRecord893554_1501_1607_RSN1510,dataset_rgb\val\ground\UnscaledAccRecord893554_1501_1607_RSN1510.png,dataset_rgb\val\sensor\UnscaledAccRecord893554_1501_1607_RSN1510.png,dataset_rgb\val\mask\UnscaledAccRecord893554_1501_1607_RSN1510.png,dataset_rgb\val\target\UnscaledAccRecord893554_1501_1607_RSN1510.png
val,UnscaledAccRecord893554_1501_1607_RSN1525,dataset_rgb\val\ground\UnscaledAccRecord893554_1501_1607_RSN1525.png,dataset_rgb\val\sensor\UnscaledAccRecord893554_1501_1607_RSN1525.png,dataset_rgb\val\mask\UnscaledAccRecord893554_1501_1607_RSN1525.png,dataset_rgb\val\target\UnscaledAccRecord893554_1501_1607_RSN1525.png
val,UnscaledAccRecord893554_1501_1607_RSN1530,dataset_rgb\val\ground\UnscaledAccRecord893554_1501_1607_RSN1530.png,dataset_rgb\val\sensor\UnscaledAccRecord893554_1501_1607_RSN1530.png,dataset_rgb\val\mask\UnscaledAccRecord893554_1501_1607_RSN1530.png,dataset_rgb\val\target\UnscaledAccRecord893554_1501_1607_RSN1530.png
val,UnscaledAccRecord893554_1501_1607_RSN1535,dataset_rgb\val\ground\UnscaledAccRecord893554_1501_1607_RSN1535.png,dataset_rgb\val\sensor\UnscaledAccRecord893554_1501_1607_RSN1535.png,dataset_rgb\val\mask\UnscaledAccRecord893554_1501_1607_RSN1535.png,dataset_rgb\val\target\UnscaledAccRecord893554_1501_1607_RSN1535.png
val,UnscaledAccRecord893554_1501_1607_RSN1538,dataset_rgb\val\ground\UnscaledAccRecord893554_1501_1607_RSN1538.png,dataset_rgb\val\sensor\UnscaledAccRecord893554_1501_1607_RSN1538.png,dataset_rgb\val\mask\UnscaledAccRecord893554_1501_1607_RSN1538.png,dataset_rgb\val\target\UnscaledAccRecord893554_1501_1607_RSN1538.png
val,UnscaledAccRecord893554_1501_1607_RSN1539,dataset_rgb\val\ground\UnscaledAccRecord893554_1501_1607_RSN1539.png,dataset_rgb\val\sensor\UnscaledAccRecord893554_1501_1607_RSN1539.png,dataset_rgb\val\mask\UnscaledAccRecord893554_1501_1607_RSN1539.png,dataset_rgb\val\target\UnscaledAccRecord893554_1501_1607_RSN1539.png
val,UnscaledAccRecord893554_1501_1607_RSN1552,dataset_rgb\val\ground\UnscaledAccRecord893554_1501_1607_RSN1552.png,dataset_rgb\val\sensor\UnscaledAccRecord893554_1501_1607_RSN1552.png,dataset_rgb\val\mask\UnscaledAccRecord893554_1501_1607_RSN1552.png,dataset_rgb\val\target\UnscaledAccRecord893554_1501_1607_RSN1552.png
val,UnscaledAccRecord893554_1501_1607_RSN1566,dataset_rgb\val\ground\UnscaledAccRecord893554_1501_1607_RSN1566.png,dataset_rgb\val\sensor\UnscaledAccRecord893554_1501_1607_RSN1566.png,dataset_rgb\val\mask\UnscaledAccRecord893554_1501_1607_RSN1566.png,dataset_rgb\val\target\UnscaledAccRecord893554_1501_1607_RSN1566.png
val,UnscaledAccRecord893554_1501_1607_RSN1570,dataset_rgb\val\ground\UnscaledAccRecord893554_1501_1607_RSN1570.png,dataset_rgb\val\sensor\UnscaledAccRecord893554_1501_1607_RSN1570.png,dataset_rgb\val\mask\UnscaledAccRecord893554_1501_1607_RSN1570.png,dataset_rgb\val\target\UnscaledAccRecord893554_1501_1607_RSN1570.png
val,UnscaledAccRecord893554_1501_1607_RSN1573,dataset_rgb\val\ground\UnscaledAccRecord893554_1501_1607_RSN1573.png,dataset_rgb\val\sensor\UnscaledAccRecord893554_1501_1607_RSN1573.png,dataset_rgb\val\mask\UnscaledAccRecord893554_1501_1607_RSN1573.png,dataset_rgb\val\target\UnscaledAccRecord893554_1501_1607_RSN1573.png
val,UnscaledAccRecord893554_1501_1607_RSN1581,dataset_rgb\val\ground\UnscaledAccRecord893554_1501_1607_RSN1581.png,dataset_rgb\val\sensor\UnscaledAccRecord893554_1501_1607_RSN1581.png,dataset_rgb\val\mask\UnscaledAccRecord893554_1501_1607_RSN1581.png,dataset_rgb\val\target\UnscaledAccRecord893554_1501_1607_RSN1581.png
val,UnscaledAccRecord893554_1501_1607_RSN1594,dataset_rgb\val\ground\UnscaledAccRecord893554_1501_1607_RSN1594.png,dataset_rgb\val\sensor\UnscaledAccRecord893554_1501_1607_RSN1594.png,dataset_rgb\val\mask\UnscaledAccRecord893554_1501_1607_RSN1594.png,dataset_rgb\val\target\UnscaledAccRecord893554_1501_1607_RSN1594.png
val,UnscaledAccRecord893554_1501_1607_RSN1599,dataset_rgb\val\ground\UnscaledAccRecord893554_1501_1607_RSN1599.png,dataset_rgb\val\sensor\UnscaledAccRecord893554_1501_1607_RSN1599.png,dataset_rgb\val\mask\UnscaledAccRecord893554_1501_1607_RSN1599.png,dataset_rgb\val\target\UnscaledAccRecord893554_1501_1607_RSN1599.png
val,UnscaledAccRecord893554_1901_2007_RSN1903,dataset_rgb\val\ground\UnscaledAccRecord893554_1901_2007_RSN1903.png,dataset_rgb\val\sensor\UnscaledAccRecord893554_1901_2007_RSN1903.png,dataset_rgb\val\mask\UnscaledAccRecord893554_1901_2007_RSN1903.png,dataset_rgb\val\target\UnscaledAccRecord893554_1901_2007_RSN1903.png
val,UnscaledAccRecord893554_1901_2007_RSN1904,dataset_rgb\val\ground\UnscaledAccRecord893554_1901_2007_RSN1904.png,dataset_rgb\val\sensor\UnscaledAccRecord893554_1901_2007_RSN1904.png,dataset_rgb\val\mask\UnscaledAccRecord893554_1901_2007_RSN1904.png,dataset_rgb\val\target\UnscaledAccRecord893554_1901_2007_RSN1904.png
val,UnscaledAccRecord893554_1901_2007_RSN1908,dataset_rgb\val\ground\UnscaledAccRecord893554_1901_2007_RSN1908.png,dataset_rgb\val\sensor\UnscaledAccRecord893554_1901_2007_RSN1908.png,dataset_rgb\val\mask\UnscaledAccRecord893554_1901_2007_RSN1908.png,dataset_rgb\val\target\UnscaledAccRecord893554_1901_2007_RSN1908.png
val,UnscaledAccRecord893554_1901_2007_RSN1918,dataset_rgb\val\ground\UnscaledAccRecord893554_1901_2007_RSN1918.png,dataset_rgb\val\sensor\UnscaledAccRecord893554_1901_2007_RSN1918.png,dataset_rgb\val\mask\UnscaledAccRecord893554_1901_2007_RSN1918.png,dataset_rgb\val\target\UnscaledAccRecord893554_1901_2007_RSN1918.png
val,UnscaledAccRecord893554_1901_2007_RSN1920,dataset_rgb\val\ground\UnscaledAccRecord893554_1901_2007_RSN1920.png,dataset_rgb\val\sensor\UnscaledAccRecord893554_1901_2007_RSN1920.png,dataset_rgb\val\mask\UnscaledAccRecord893554_1901_2007_RSN1920.png,dataset_rgb\val\target\UnscaledAccRecord893554_1901_2007_RSN1920.png
val,UnscaledAccRecord893554_1901_2007_RSN1922,dataset_rgb\val\ground\UnscaledAccRecord893554_1901_2007_RSN1922.png,dataset_rgb\val\sensor\UnscaledAccRecord893554_1901_2007_RSN1922.png,dataset_rgb\val\mask\UnscaledAccRecord893554_1901_2007_RSN1922.png,dataset_rgb\val\target\UnscaledAccRecord893554_1901_2007_RSN1922.png
val,UnscaledAccRecord893554_1901_2007_RSN1928,dataset_rgb\val\ground\UnscaledAccRecord893554_1901_2007_RSN1928.png,dataset_rgb\val\sensor\UnscaledAccRecord893554_1901_2007_RSN1928.png,dataset_rgb\val\mask\UnscaledAccRecord893554_1901_2007_RSN1928.png,dataset_rgb\val\target\UnscaledAccRecord893554_1901_2007_RSN1928.png
val,UnscaledAccRecord893554_1901_2007_RSN1942,dataset_rgb\val\ground\UnscaledAccRecord893554_1901_2007_RSN1942.png,dataset_rgb\val\sensor\UnscaledAccRecord893554_1901_2007_RSN1942.png,dataset_rgb\val\mask\UnscaledAccRecord893554_1901_2007_RSN1942.png,dataset_rgb\val\target\UnscaledAccRecord893554_1901_2007_RSN1942.png
val,UnscaledAccRecord893554_1901_2007_RSN1956,dataset_rgb\val\ground\UnscaledAccRecord893554_1901_2007_RSN1956.png,dataset_rgb\val\sensor\UnscaledAccRecord893554_1901_2007_RSN1956.png,dataset_rgb\val\mask\UnscaledAccRecord893554_1901_2007_RSN1956.png,dataset_rgb\val\target\UnscaledAccRecord893554_1901_2007_RSN1956.png
val,UnscaledAccRecord893554_1901_2007_RSN1974,dataset_rgb\val\ground\UnscaledAccRecord893554_1901_2007_RSN1974.png,dataset_rgb\val\sensor\UnscaledAccRecord893554_1901_2007_RSN1974.png,dataset_rgb\val\mask\UnscaledAccRecord893554_1901_2007_RSN1974.png,dataset_rgb\val\target\UnscaledAccRecord893554_1901_2007_RSN1974.png
val,UnscaledAccRecord893554_1901_2007_RSN1980,dataset_rgb\val\ground\UnscaledAccRecord893554_1901_2007_RSN1980.png,dataset_rgb\val\sensor\UnscaledAccRecord893554_1901_2007_RSN1980.png,dataset_rgb\val\mask\UnscaledAccRecord893554_1901_2007_RSN1980.png,dataset_rgb\val\target\UnscaledAccRecord893554_1901_2007_RSN1980.png
val,UnscaledAccRecord893554_1901_2007_RSN1981,dataset_rgb\val\ground\UnscaledAccRecord893554_1901_2007_RSN1981.png,dataset_rgb\val\sensor\UnscaledAccRecord893554_1901_2007_RSN1981.png,dataset_rgb\val\mask\UnscaledAccRecord893554_1901_2007_RSN1981.png,dataset_rgb\val\target\UnscaledAccRecord893554_1901_2007_RSN1981.png
val,UnscaledAccRecord893554_1901_2007_RSN1984,dataset_rgb\val\ground\UnscaledAccRecord893554_1901_2007_RSN1984.png,dataset_rgb\val\sensor\UnscaledAccRecord893554_1901_2007_RSN1984.png,dataset_rgb\val\mask\UnscaledAccRecord893554_1901_2007_RSN1984.png,dataset_rgb\val\target\UnscaledAccRecord893554_1901_2007_RSN1984.png
val,UnscaledAccRecord893554_1901_2007_RSN1991,dataset_rgb\val\ground\UnscaledAccRecord893554_1901_2007_RSN1991.png,dataset_rgb\val\sensor\UnscaledAccRecord893554_1901_2007_RSN1991.png,dataset_rgb\val\mask\UnscaledAccRecord893554_1901_2007_RSN1991.png,dataset_rgb\val\target\UnscaledAccRecord893554_1901_2007_RSN1991.png
val,UnscaledAccRecord893554_1901_2007_RSN1996,dataset_rgb\val\ground\UnscaledAccRecord893554_1901_2007_RSN1996.png,dataset_rgb\val\sensor\UnscaledAccRecord893554_1901_2007_RSN1996.png,dataset_rgb\val\mask\UnscaledAccRecord893554_1901_2007_RSN1996.png,dataset_rgb\val\target\UnscaledAccRecord893554_1901_2007_RSN1996.png
val,UnscaledAccRecord893554_1901_2007_RSN1998,dataset_rgb\val\ground\UnscaledAccRecord893554_1901_2007_RSN1998.png,dataset_rgb\val\sensor\UnscaledAccRecord893554_1901_2007_RSN1998.png,dataset_rgb\val\mask\UnscaledAccRecord893554_1901_2007_RSN1998.png,dataset_rgb\val\target\UnscaledAccRecord893554_1901_2007_RSN1998.png
val,UnscaledAccRecord893554_1901_2007_RSN2006,dataset_rgb\val\ground\UnscaledAccRecord893554_1901_2007_RSN2006.png,dataset_rgb\val\sensor\UnscaledAccRecord893554_1901_2007_RSN2006.png,dataset_rgb\val\mask\UnscaledAccRecord893554_1901_2007_RSN2006.png,dataset_rgb\val\target\UnscaledAccRecord893554_1901_2007_RSN2006.png
val,UnscaledAccRecord893554_1_101_RSN1,dataset_rgb\val\ground\UnscaledAccRecord893554_1_101_RSN1.png,dataset_rgb\val\sensor\UnscaledAccRecord893554_1_101_RSN1.png,dataset_rgb\val\mask\UnscaledAccRecord893554_1_101_RSN1.png,dataset_rgb\val\target\UnscaledAccRecord893554_1_101_RSN1.png
val,UnscaledAccRecord893554_1_101_RSN101,dataset_rgb\val\ground\UnscaledAccRecord893554_1_101_RSN101.png,dataset_rgb\val\sensor\UnscaledAccRecord893554_1_101_RSN101.png,dataset_rgb\val\mask\UnscaledAccRecord893554_1_101_RSN101.png,dataset_rgb\val\target\UnscaledAccRecord893554_1_101_RSN101.png
val,UnscaledAccRecord893554_1_101_RSN12,dataset_rgb\val\ground\UnscaledAccRecord893554_1_101_RSN12.png,dataset_rgb\val\sensor\UnscaledAccRecord893554_1_101_RSN12.png,dataset_rgb\val\mask\UnscaledAccRecord893554_1_101_RSN12.png,dataset_rgb\val\target\UnscaledAccRecord893554_1_101_RSN12.png
val,UnscaledAccRecord893554_1_101_RSN13,dataset_rgb\val\ground\UnscaledAccRecord893554_1_101_RSN13.png,dataset_rgb\val\sensor\UnscaledAccRecord893554_1_101_RSN13.png,dataset_rgb\val\mask\UnscaledAccRecord893554_1_101_RSN13.png,dataset_rgb\val\target\UnscaledAccRecord893554_1_101_RSN13.png
val,UnscaledAccRecord893554_1_101_RSN15,dataset_rgb\val\ground\UnscaledAccRecord893554_1_101_RSN15.png,dataset_rgb\val\sensor\UnscaledAccRecord893554_1_101_RSN15.png,dataset_rgb\val\mask\UnscaledAccRecord893554_1_101_RSN15.png,dataset_rgb\val\target\UnscaledAccRecord893554_1_101_RSN15.png
val,UnscaledAccRecord893554_1_101_RSN23,dataset_rgb\val\ground\UnscaledAccRecord893554_1_101_RSN23.png,dataset_rgb\val\sensor\UnscaledAccRecord893554_1_101_RSN23.png,dataset_rgb\val\mask\UnscaledAccRecord893554_1_101_RSN23.png,dataset_rgb\val\target\UnscaledAccRecord893554_1_101_RSN23.png
val,UnscaledAccRecord893554_1_101_RSN31,dataset_rgb\val\ground\UnscaledAccRecord893554_1_101_RSN31.png,dataset_rgb\val\sensor\UnscaledAccRecord893554_1_101_RSN31.png,dataset_rgb\val\mask\UnscaledAccRecord893554_1_101_RSN31.png,dataset_rgb\val\target\UnscaledAccRecord893554_1_101_RSN31.png
val,UnscaledAccRecord893554_1_101_RSN33,dataset_rgb\val\ground\UnscaledAccRecord893554_1_101_RSN33.png,dataset_rgb\val\sensor\UnscaledAccRecord893554_1_101_RSN33.png,dataset_rgb\val\mask\UnscaledAccRecord893554_1_101_RSN33.png,dataset_rgb\val\target\UnscaledAccRecord893554_1_101_RSN33.png
val,UnscaledAccRecord893554_1_101_RSN34,dataset_rgb\val\ground\UnscaledAccRecord893554_1_101_RSN34.png,dataset_rgb\val\sensor\UnscaledAccRecord893554_1_101_RSN34.png,dataset_rgb\val\mask\UnscaledAccRecord893554_1_101_RSN34.png,dataset_rgb\val\target\UnscaledAccRecord893554_1_101_RSN34.png
val,UnscaledAccRecord893554_1_101_RSN48,dataset_rgb\val\ground\UnscaledAccRecord893554_1_101_RSN48.png,dataset_rgb\val\sensor\UnscaledAccRecord893554_1_101_RSN48.png,dataset_rgb\val\mask\UnscaledAccRecord893554_1_101_RSN48.png,dataset_rgb\val\target\UnscaledAccRecord893554_1_101_RSN48.png
val,UnscaledAccRecord893554_1_101_RSN5,dataset_rgb\val\ground\UnscaledAccRecord893554_1_101_RSN5.png,dataset_rgb\val\sensor\UnscaledAccRecord893554_1_101_RSN5.png,dataset_rgb\val\mask\UnscaledAccRecord893554_1_101_RSN5.png,dataset_rgb\val\target\UnscaledAccRecord893554_1_101_RSN5.png
val,UnscaledAccRecord893554_1_101_RSN54,dataset_rgb\val\ground\UnscaledAccRecord893554_1_101_RSN54.png,dataset_rgb\val\sensor\UnscaledAccRecord893554_1_101_RSN54.png,dataset_rgb\val\mask\UnscaledAccRecord893554_1_101_RSN54.png,dataset_rgb\val\target\UnscaledAccRecord893554_1_101_RSN54.png
val,UnscaledAccRecord893554_1_101_RSN6,dataset_rgb\val\ground\UnscaledAccRecord893554_1_101_RSN6.png,dataset_rgb\val\sensor\UnscaledAccRecord893554_1_101_RSN6.png,dataset_rgb\val\mask\UnscaledAccRecord893554_1_101_RSN6.png,dataset_rgb\val\target\UnscaledAccRecord893554_1_101_RSN6.png
val,UnscaledAccRecord893554_1_101_RSN60,dataset_rgb\val\ground\UnscaledAccRecord893554_1_101_RSN60.png,dataset_rgb\val\sensor\UnscaledAccRecord893554_1_101_RSN60.png,dataset_rgb\val\mask\UnscaledAccRecord893554_1_101_RSN60.png,dataset_rgb\val\target\UnscaledAccRecord893554_1_101_RSN60.png
val,UnscaledAccRecord893554_1_101_RSN64,dataset_rgb\val\ground\UnscaledAccRecord893554_1_101_RSN64.png,dataset_rgb\val\sensor\UnscaledAccRecord893554_1_101_RSN64.png,dataset_rgb\val\mask\UnscaledAccRecord893554_1_101_RSN64.png,dataset_rgb\val\target\UnscaledAccRecord893554_1_101_RSN64.png
val,UnscaledAccRecord893554_1_101_RSN66,dataset_rgb\val\ground\UnscaledAccRecord893554_1_101_RSN66.png,dataset_rgb\val\sensor\UnscaledAccRecord893554_1_101_RSN66.png,dataset_rgb\val\mask\UnscaledAccRecord893554_1_101_RSN66.png,dataset_rgb\val\target\UnscaledAccRecord893554_1_101_RSN66.png
val,UnscaledAccRecord893554_1_101_RSN69,dataset_rgb\val\ground\UnscaledAccRecord893554_1_101_RSN69.png,dataset_rgb\val\sensor\UnscaledAccRecord893554_1_101_RSN69.png,dataset_rgb\val\mask\UnscaledAccRecord893554_1_101_RSN69.png,dataset_rgb\val\target\UnscaledAccRecord893554_1_101_RSN69.png
val,UnscaledAccRecord893554_1_101_RSN70,dataset_rgb\val\ground\UnscaledAccRecord893554_1_101_RSN70.png,dataset_rgb\val\sensor\UnscaledAccRecord893554_1_101_RSN70.png,dataset_rgb\val\mask\UnscaledAccRecord893554_1_101_RSN70.png,dataset_rgb\val\target\UnscaledAccRecord893554_1_101_RSN70.png
val,UnscaledAccRecord893554_1_101_RSN74,dataset_rgb\val\ground\UnscaledAccRecord893554_1_101_RSN74.png,dataset_rgb\val\sensor\UnscaledAccRecord893554_1_101_RSN74.png,dataset_rgb\val\mask\UnscaledAccRecord893554_1_101_RSN74.png,dataset_rgb\val\target\UnscaledAccRecord893554_1_101_RSN74.png
val,UnscaledAccRecord893554_1_101_RSN75,dataset_rgb\val\ground\UnscaledAccRecord893554_1_101_RSN75.png,dataset_rgb\val\sensor\UnscaledAccRecord893554_1_101_RSN75.png,dataset_rgb\val\mask\UnscaledAccRecord893554_1_101_RSN75.png,dataset_rgb\val\target\UnscaledAccRecord893554_1_101_RSN75.png
val,UnscaledAccRecord893554_1_101_RSN8,dataset_rgb\val\ground\UnscaledAccRecord893554_1_101_RSN8.png,dataset_rgb\val\sensor\UnscaledAccRecord893554_1_101_RSN8.png,dataset_rgb\val\mask\UnscaledAccRecord893554_1_101_RSN8.png,dataset_rgb\val\target\UnscaledAccRecord893554_1_101_RSN8.png
val,UnscaledAccRecord893554_1_101_RSN83,dataset_rgb\val\ground\UnscaledAccRecord893554_1_101_RSN83.png,dataset_rgb\val\sensor\UnscaledAccRecord893554_1_101_RSN83.png,dataset_rgb\val\mask\UnscaledAccRecord893554_1_101_RSN83.png,dataset_rgb\val\target\UnscaledAccRecord893554_1_101_RSN83.png
val,UnscaledAccRecord893554_1_101_RSN84,dataset_rgb\val\ground\UnscaledAccRecord893554_1_101_RSN84.png,dataset_rgb\val\sensor\UnscaledAccRecord893554_1_101_RSN84.png,dataset_rgb\val\mask\UnscaledAccRecord893554_1_101_RSN84.png,dataset_rgb\val\target\UnscaledAccRecord893554_1_101_RSN84.png
val,UnscaledAccRecord893554_1_101_RSN9,dataset_rgb\val\ground\UnscaledAccRecord893554_1_101_RSN9.png,dataset_rgb\val\sensor\UnscaledAccRecord893554_1_101_RSN9.png,dataset_rgb\val\mask\UnscaledAccRecord893554_1_101_RSN9.png,dataset_rgb\val\target\UnscaledAccRecord893554_1_101_RSN9.png
val,UnscaledAccRecord893554_1_101_RSN93,dataset_rgb\val\ground\UnscaledAccRecord893554_1_101_RSN93.png,dataset_rgb\val\sensor\UnscaledAccRecord893554_1_101_RSN93.png,dataset_rgb\val\mask\UnscaledAccRecord893554_1_101_RSN93.png,dataset_rgb\val\target\UnscaledAccRecord893554_1_101_RSN93.png
val,UnscaledAccRecord893554_1_101_RSN95,dataset_rgb\val\ground\UnscaledAccRecord893554_1_101_RSN95.png,dataset_rgb\val\sensor\UnscaledAccRecord893554_1_101_RSN95.png,dataset_rgb\val\mask\UnscaledAccRecord893554_1_101_RSN95.png,dataset_rgb\val\target\UnscaledAccRecord893554_1_101_RSN95.png
val,UnscaledAccRecord893554_2901_3007_RSN2901,dataset_rgb\val\ground\UnscaledAccRecord893554_2901_3007_RSN2901.png,dataset_rgb\val\sensor\UnscaledAccRecord893554_2901_3007_RSN2901.png,dataset_rgb\val\mask\UnscaledAccRecord893554_2901_3007_RSN2901.png,dataset_rgb\val\target\UnscaledAccRecord893554_2901_3007_RSN2901.png
val,UnscaledAccRecord893554_2901_3007_RSN2902,dataset_rgb\val\ground\UnscaledAccRecord893554_2901_3007_RSN2902.png,dataset_rgb\val\sensor\UnscaledAccRecord893554_2901_3007_RSN2902.png,dataset_rgb\val\mask\UnscaledAccRecord893554_2901_3007_RSN2902.png,dataset_rgb\val\target\UnscaledAccRecord893554_2901_3007_RSN2902.png
val,UnscaledAccRecord893554_2901_3007_RSN2907,dataset_rgb\val\ground\UnscaledAccRecord893554_2901_3007_RSN2907.png,dataset_rgb\val\sensor\UnscaledAccRecord893554_2901_3007_RSN2907.png,dataset_rgb\val\mask\UnscaledAccRecord893554_2901_3007_RSN2907.png,dataset_rgb\val\target\UnscaledAccRecord893554_2901_3007_RSN2907.png
val,UnscaledAccRecord893554_2901_3007_RSN2909,dataset_rgb\val\ground\UnscaledAccRecord893554_2901_3007_RSN2909.png,dataset_rgb\val\sensor\UnscaledAccRecord893554_2901_3007_RSN2909.png,dataset_rgb\val\mask\UnscaledAccRecord893554_2901_3007_RSN2909.png,dataset_rgb\val\target\UnscaledAccRecord893554_2901_3007_RSN2909.png
val,UnscaledAccRecord893554_2901_3007_RSN2911,dataset_rgb\val\ground\UnscaledAccRecord893554_2901_3007_RSN2911.png,dataset_rgb\val\sensor\UnscaledAccRecord893554_2901_3007_RSN2911.png,dataset_rgb\val\mask\UnscaledAccRecord893554_2901_3007_RSN2911.png,dataset_rgb\val\target\UnscaledAccRecord893554_2901_3007_RSN2911.png
val,UnscaledAccRecord893554_2901_3007_RSN2930,dataset_rgb\val\ground\UnscaledAccRecord893554_2901_3007_RSN2930.png,dataset_rgb\val\sensor\UnscaledAccRecord893554_2901_3007_RSN2930.png,dataset_rgb\val\mask\UnscaledAccRecord893554_2901_3007_RSN2930.png,dataset_rgb\val\target\UnscaledAccRecord893554_2901_3007_RSN2930.png
val,UnscaledAccRecord893554_2901_3007_RSN2931,dataset_rgb\val\ground\UnscaledAccRecord893554_2901_3007_RSN2931.png,dataset_rgb\val\sensor\UnscaledAccRecord893554_2901_3007_RSN2931.png,dataset_rgb\val\mask\UnscaledAccRecord893554_2901_3007_RSN2931.png,dataset_rgb\val\target\UnscaledAccRecord893554_2901_3007_RSN2931.png
val,UnscaledAccRecord893554_2901_3007_RSN2933,dataset_rgb\val\ground\UnscaledAccRecord893554_2901_3007_RSN2933.png,dataset_rgb\val\sensor\UnscaledAccRecord893554_2901_3007_RSN2933.png,dataset_rgb\val\mask\UnscaledAccRecord893554_2901_3007_RSN2933.png,dataset_rgb\val\target\UnscaledAccRecord893554_2901_3007_RSN2933.png
val,UnscaledAccRecord893554_2901_3007_RSN2937,dataset_rgb\val\ground\UnscaledAccRecord893554_2901_3007_RSN2937.png,dataset_rgb\val\sensor\UnscaledAccRecord893554_2901_3007_RSN2937.png,dataset_rgb\val\mask\UnscaledAccRecord893554_2901_3007_RSN2937.png,dataset_rgb\val\target\UnscaledAccRecord893554_2901_3007_RSN2937.png
val,UnscaledAccRecord893554_2901_3007_RSN2940,dataset_rgb\val\ground\UnscaledAccRecord893554_2901_3007_RSN2940.png,dataset_rgb\val\sensor\UnscaledAccRecord893554_2901_3007_RSN2940.png,dataset_rgb\val\mask\UnscaledAccRecord893554_2901_3007_RSN2940.png,dataset_rgb\val\target\UnscaledAccRecord893554_2901_3007_RSN2940.png
val,UnscaledAccRecord893554_2901_3007_RSN2943,dataset_rgb\val\ground\UnscaledAccRecord893554_2901_3007_RSN2943.png,dataset_rgb\val\sensor\UnscaledAccRecord893554_2901_3007_RSN2943.png,dataset_rgb\val\mask\UnscaledAccRecord893554_2901_3007_RSN2943.png,dataset_rgb\val\target\UnscaledAccRecord893554_2901_3007_RSN2943.png
val,UnscaledAccRecord893554_2901_3007_RSN2944,dataset_rgb\val\ground\UnscaledAccRecord893554_2901_3007_RSN2944.png,dataset_rgb\val\sensor\UnscaledAccRecord893554_2901_3007_RSN2944.png,dataset_rgb\val\mask\UnscaledAccRecord893554_2901_3007_RSN2944.png,dataset_rgb\val\target\UnscaledAccRecord893554_2901_3007_RSN2944.png
val,UnscaledAccRecord893554_2901_3007_RSN2946,dataset_rgb\val\ground\UnscaledAccRecord893554_2901_3007_RSN2946.png,dataset_rgb\val\sensor\UnscaledAccRecord893554_2901_3007_RSN2946.png,dataset_rgb\val\mask\UnscaledAccRecord893554_2901_3007_RSN2946.png,dataset_rgb\val\target\UnscaledAccRecord893554_2901_3007_RSN2946.png
val,UnscaledAccRecord893554_2901_3007_RSN2950,dataset_rgb\val\ground\UnscaledAccRecord893554_2901_3007_RSN2950.png,dataset_rgb\val\sensor\UnscaledAccRecord893554_2901_3007_RSN2950.png,dataset_rgb\val\mask\UnscaledAccRecord893554_2901_3007_RSN2950.png,dataset_rgb\val\target\UnscaledAccRecord893554_2901_3007_RSN2950.png
val,UnscaledAccRecord893554_2901_3007_RSN2954,dataset_rgb\val\ground\UnscaledAccRecord893554_2901_3007_RSN2954.png,dataset_rgb\val\sensor\UnscaledAccRecord893554_2901_3007_RSN2954.png,dataset_rgb\val\mask\UnscaledAccRecord893554_2901_3007_RSN2954.png,dataset_rgb\val\target\UnscaledAccRecord893554_2901_3007_RSN2954.png
val,UnscaledAccRecord893554_2901_3007_RSN2958,dataset_rgb\val\ground\UnscaledAccRecord893554_2901_3007_RSN2958.png,dataset_rgb\val\sensor\UnscaledAccRecord893554_2901_3007_RSN2958.png,dataset_rgb\val\mask\UnscaledAccRecord893554_2901_3007_RSN2958.png,dataset_rgb\val\target\UnscaledAccRecord893554_2901_3007_RSN2958.png
val,UnscaledAccRecord893554_2901_3007_RSN2959,dataset_rgb\val\ground\UnscaledAccRecord893554_2901_3007_RSN2959.png,dataset_rgb\val\sensor\UnscaledAccRecord893554_2901_3007_RSN2959.png,dataset_rgb\val\mask\UnscaledAccRecord893554_2901_3007_RSN2959.png,dataset_rgb\val\target\UnscaledAccRecord893554_2901_3007_RSN2959.png
val,UnscaledAccRecord893554_2901_3007_RSN2960,dataset_rgb\val\ground\UnscaledAccRecord893554_2901_3007_RSN2960.png,dataset_rgb\val\sensor\UnscaledAccRecord893554_2901_3007_RSN2960.png,dataset_rgb\val\mask\UnscaledAccRecord893554_2901_3007_RSN2960.png,dataset_rgb\val\target\UnscaledAccRecord893554_2901_3007_RSN2960.png
val,UnscaledAccRecord893554_2901_3007_RSN2961,dataset_rgb\val\ground\UnscaledAccRecord893554_2901_3007_RSN2961.png,dataset_rgb\val\sensor\UnscaledAccRecord893554_2901_3007_RSN2961.png,dataset_rgb\val\mask\UnscaledAccRecord893554_2901_3007_RSN2961.png,dataset_rgb\val\target\UnscaledAccRecord893554_2901_3007_RSN2961.png
val,UnscaledAccRecord893554_2901_3007_RSN2963,dataset_rgb\val\ground\UnscaledAccRecord893554_2901_3007_RSN2963.png,dataset_rgb\val\sensor\UnscaledAccRecord893554_2901_3007_RSN2963.png,dataset_rgb\val\mask\UnscaledAccRecord893554_2901_3007_RSN2963.png,dataset_rgb\val\target\UnscaledAccRecord893554_2901_3007_RSN2963.png
val,UnscaledAccRecord893554_2901_3007_RSN2967,dataset_rgb\val\ground\UnscaledAccRecord893554_2901_3007_RSN2967.png,dataset_rgb\val\sensor\UnscaledAccRecord893554_2901_3007_RSN2967.png,dataset_rgb\val\mask\UnscaledAccRecord893554_2901_3007_RSN2967.png,dataset_rgb\val\target\UnscaledAccRecord893554_2901_3007_RSN2967.png
val,UnscaledAccRecord893554_2901_3007_RSN2979,dataset_rgb\val\ground\UnscaledAccRecord893554_2901_3007_RSN2979.png,dataset_rgb\val\sensor\UnscaledAccRecord893554_2901_3007_RSN2979.png,dataset_rgb\val\mask\UnscaledAccRecord893554_2901_3007_RSN2979.png,dataset_rgb\val\target\UnscaledAccRecord893554_2901_3007_RSN2979.png
val,UnscaledAccRecord893554_2901_3007_RSN2990,dataset_rgb\val\ground\UnscaledAccRecord893554_2901_3007_RSN2990.png,dataset_rgb\val\sensor\UnscaledAccRecord893554_2901_3007_RSN2990.png,dataset_rgb\val\mask\UnscaledAccRecord893554_2901_3007_RSN2990.png,dataset_rgb\val\target\UnscaledAccRecord893554_2901_3007_RSN2990.png
val,UnscaledAccRecord893554_2901_3007_RSN2996,dataset_rgb\val\ground\UnscaledAccRecord893554_2901_3007_RSN2996.png,dataset_rgb\val\sensor\UnscaledAccRecord893554_2901_3007_RSN2996.png,dataset_rgb\val\mask\UnscaledAccRecord893554_2901_3007_RSN2996.png,dataset_rgb\val\target\UnscaledAccRecord893554_2901_3007_RSN2996.png
val,UnscaledAccRecord893554_2901_3007_RSN2997,dataset_rgb\val\ground\UnscaledAccRecord893554_2901_3007_RSN2997.png,dataset_rgb\val\sensor\UnscaledAccRecord893554_2901_3007_RSN2997.png,dataset_rgb\val\mask\UnscaledAccRecord893554_2901_3007_RSN2997.png,dataset_rgb\val\target\UnscaledAccRecord893554_2901_3007_RSN2997.png
val,UnscaledAccRecord893554_4901_5008_RSN4912,dataset_rgb\val\ground\UnscaledAccRecord893554_4901_5008_RSN4912.png,dataset_rgb\val\sensor\UnscaledAccRecord893554_4901_5008_RSN4912.png,dataset_rgb\val\mask\UnscaledAccRecord893554_4901_5008_RSN4912.png,dataset_rgb\val\target\UnscaledAccRecord893554_4901_5008_RSN4912.png
val,UnscaledAccRecord893554_4901_5008_RSN4913,dataset_rgb\val\ground\UnscaledAccRecord893554_4901_5008_RSN4913.png,dataset_rgb\val\sensor\UnscaledAccRecord893554_4901_5008_RSN4913.png,dataset_rgb\val\mask\UnscaledAccRecord893554_4901_5008_RSN4913.png,dataset_rgb\val\target\UnscaledAccRecord893554_4901_5008_RSN4913.png
val,UnscaledAccRecord893554_4901_5008_RSN4914,dataset_rgb\val\ground\UnscaledAccRecord893554_4901_5008_RSN4914.png,dataset_rgb\val\sensor\UnscaledAccRecord893554_4901_5008_RSN4914.png,dataset_rgb\val\mask\UnscaledAccRecord893554_4901_5008_RSN4914.png,dataset_rgb\val\target\UnscaledAccRecord893554_4901_5008_RSN4914.png
val,UnscaledAccRecord893554_4901_5008_RSN4918,dataset_rgb\val\ground\UnscaledAccRecord893554_4901_5008_RSN4918.png,dataset_rgb\val\sensor\UnscaledAccRecord893554_4901_5008_RSN4918.png,dataset_rgb\val\mask\UnscaledAccRecord893554_4901_5008_RSN4918.png,dataset_rgb\val\target\UnscaledAccRecord893554_4901_5008_RSN4918.png
val,UnscaledAccRecord893554_4901_5008_RSN4920,dataset_rgb\val\ground\UnscaledAccRecord893554_4901_5008_RSN4920.png,dataset_rgb\val\sensor\UnscaledAccRecord893554_4901_5008_RSN4920.png,dataset_rgb\val\mask\UnscaledAccRecord893554_4901_5008_RSN4920.png,dataset_rgb\val\target\UnscaledAccRecord893554_4901_5008_RSN4920.png
val,UnscaledAccRecord893554_4901_5008_RSN4924,dataset_rgb\val\ground\UnscaledAccRecord893554_4901_5008_RSN4924.png,dataset_rgb\val\sensor\UnscaledAccRecord893554_4901_5008_RSN4924.png,dataset_rgb\val\mask\UnscaledAccRecord893554_4901_5008_RSN4924.png,dataset_rgb\val\target\UnscaledAccRecord893554_4901_5008_RSN4924.png
val,UnscaledAccRecord893554_4901_5008_RSN4925,dataset_rgb\val\ground\UnscaledAccRecord893554_4901_5008_RSN4925.png,dataset_rgb\val\sensor\UnscaledAccRecord893554_4901_5008_RSN4925.png,dataset_rgb\val\mask\UnscaledAccRecord893554_4901_5008_RSN4925.png,dataset_rgb\val\target\UnscaledAccRecord893554_4901_5008_RSN4925.png
val,UnscaledAccRecord893554_4901_5008_RSN4928,dataset_rgb\val\ground\UnscaledAccRecord893554_4901_5008_RSN4928.png,dataset_rgb\val\sensor\UnscaledAccRecord893554_4901_5008_RSN4928.png,dataset_rgb\val\mask\UnscaledAccRecord893554_4901_5008_RSN4928.png,dataset_rgb\val\target\UnscaledAccRecord893554_4901_5008_RSN4928.png
val,UnscaledAccRecord893554_4901_5008_RSN4929,dataset_rgb\val\ground\UnscaledAccRecord893554_4901_5008_RSN4929.png,dataset_rgb\val\sensor\UnscaledAccRecord893554_4901_5008_RSN4929.png,dataset_rgb\val\mask\UnscaledAccRecord893554_4901_5008_RSN4929.png,dataset_rgb\val\target\UnscaledAccRecord893554_4901_5008_RSN4929.png
val,UnscaledAccRecord893554_4901_5008_RSN4936,dataset_rgb\val\ground\UnscaledAccRecord893554_4901_5008_RSN4936.png,dataset_rgb\val\sensor\UnscaledAccRecord893554_4901_5008_RSN4936.png,dataset_rgb\val\mask\UnscaledAccRecord893554_4901_5008_RSN4936.png,dataset_rgb\val\target\UnscaledAccRecord893554_4901_5008_RSN4936.png
val,UnscaledAccRecord893554_4901_5008_RSN4942,dataset_rgb\val\ground\UnscaledAccRecord893554_4901_5008_RSN4942.png,dataset_rgb\val\sensor\UnscaledAccRecord893554_4901_5008_RSN4942.png,dataset_rgb\val\mask\UnscaledAccRecord893554_4901_5008_RSN4942.png,dataset_rgb\val\target\UnscaledAccRecord893554_4901_5008_RSN4942.png
val,UnscaledAccRecord893554_4901_5008_RSN4946,dataset_rgb\val\ground\UnscaledAccRecord893554_4901_5008_RSN4946.png,dataset_rgb\val\sensor\UnscaledAccRecord893554_4901_5008_RSN4946.png,dataset_rgb\val\mask\UnscaledAccRecord893554_4901_5008_RSN4946.png,dataset_rgb\val\target\UnscaledAccRecord893554_4901_5008_RSN4946.png
val,UnscaledAccRecord893554_4901_5008_RSN4947,dataset_rgb\val\ground\UnscaledAccRecord893554_4901_5008_RSN4947.png,dataset_rgb\val\sensor\UnscaledAccRecord893554_4901_5008_RSN4947.png,dataset_rgb\val\mask\UnscaledAccRecord893554_4901_5008_RSN4947.png,dataset_rgb\val\target\UnscaledAccRecord893554_4901_5008_RSN4947.png
val,UnscaledAccRecord893554_4901_5008_RSN4953,dataset_rgb\val\ground\UnscaledAccRecord893554_4901_5008_RSN4953.png,dataset_rgb\val\sensor\UnscaledAccRecord893554_4901_5008_RSN4953.png,dataset_rgb\val\mask\UnscaledAccRecord893554_4901_5008_RSN4953.png,dataset_rgb\val\target\UnscaledAccRecord893554_4901_5008_RSN4953.png
val,UnscaledAccRecord893554_4901_5008_RSN4956,dataset_rgb\val\ground\UnscaledAccRecord893554_4901_5008_RSN4956.png,dataset_rgb\val\sensor\UnscaledAccRecord893554_4901_5008_RSN4956.png,dataset_rgb\val\mask\UnscaledAccRecord893554_4901_5008_RSN4956.png,dataset_rgb\val\target\UnscaledAccRecord893554_4901_5008_RSN4956.png
val,UnscaledAccRecord893554_4901_5008_RSN4970,dataset_rgb\val\ground\UnscaledAccRecord893554_4901_5008_RSN4970.png,dataset_rgb\val\sensor\UnscaledAccRecord893554_4901_5008_RSN4970.png,dataset_rgb\val\mask\UnscaledAccRecord893554_4901_5008_RSN4970.png,dataset_rgb\val\target\UnscaledAccRecord893554_4901_5008_RSN4970.png
val,UnscaledAccRecord893554_4901_5008_RSN4971,dataset_rgb\val\ground\UnscaledAccRecord893554_4901_5008_RSN4971.png,dataset_rgb\val\sensor\UnscaledAccRecord893554_4901_5008_RSN4971.png,dataset_rgb\val\mask\UnscaledAccRecord893554_4901_5008_RSN4971.png,dataset_rgb\val\target\UnscaledAccRecord893554_4901_5008_RSN4971.png
val,UnscaledAccRecord893554_4901_5008_RSN4980,dataset_rgb\val\ground\UnscaledAccRecord893554_4901_5008_RSN4980.png,dataset_rgb\val\sensor\UnscaledAccRecord893554_4901_5008_RSN4980.png,dataset_rgb\val\mask\UnscaledAccRecord893554_4901_5008_RSN4980.png,dataset_rgb\val\target\UnscaledAccRecord893554_4901_5008_RSN4980.png
val,UnscaledAccRecord893554_4901_5008_RSN4981,dataset_rgb\val\ground\UnscaledAccRecord893554_4901_5008_RSN4981.png,dataset_rgb\val\sensor\UnscaledAccRecord893554_4901_5008_RSN4981.png,dataset_rgb\val\mask\UnscaledAccRecord893554_4901_5008_RSN4981.png,dataset_rgb\val\target\UnscaledAccRecord893554_4901_5008_RSN4981.png
val,UnscaledAccRecord893554_4901_5008_RSN4992,dataset_rgb\val\ground\UnscaledAccRecord893554_4901_5008_RSN4992.png,dataset_rgb\val\sensor\UnscaledAccRecord893554_4901_5008_RSN4992.png,dataset_rgb\val\mask\UnscaledAccRecord893554_4901_5008_RSN4992.png,dataset_rgb\val\target\UnscaledAccRecord893554_4901_5008_RSN4992.png
val,UnscaledAccRecord893554_4901_5008_RSN4996,dataset_rgb\val\ground\UnscaledAccRecord893554_4901_5008_RSN4996.png,dataset_rgb\val\sensor\UnscaledAccRecord893554_4901_5008_RSN4996.png,dataset_rgb\val\mask\UnscaledAccRecord893554_4901_5008_RSN4996.png,dataset_rgb\val\target\UnscaledAccRecord893554_4901_5008_RSN4996.png
val,UnscaledAccRecord893554_4901_5008_RSN5000,dataset_rgb\val\ground\UnscaledAccRecord893554_4901_5008_RSN5000.png,dataset_rgb\val\sensor\UnscaledAccRecord893554_4901_5008_RSN5000.png,dataset_rgb\val\mask\UnscaledAccRecord893554_4901_5008_RSN5000.png,dataset_rgb\val\target\UnscaledAccRecord893554_4901_5008_RSN5000.png
val,UnscaledAccRecord893554_4901_5008_RSN5008,dataset_rgb\val\ground\UnscaledAccRecord893554_4901_5008_RSN5008.png,dataset_rgb\val\sensor\UnscaledAccRecord893554_4901_5008_RSN5008.png,dataset_rgb\val\mask\UnscaledAccRecord893554_4901_5008_RSN5008.png,dataset_rgb\val\target\UnscaledAccRecord893554_4901_5008_RSN5008.png
test,UnscaledAccRecord893554_1001_1100_RSN1004,dataset_rgb\test\ground\UnscaledAccRecord893554_1001_1100_RSN1004.png,dataset_rgb\test\sensor\UnscaledAccRecord893554_1001_1100_RSN1004.png,dataset_rgb\test\mask\UnscaledAccRecord893554_1001_1100_RSN1004.png,dataset_rgb\test\target\UnscaledAccRecord893554_1001_1100_RSN1004.png
test,UnscaledAccRecord893554_1001_1100_RSN1005,dataset_rgb\test\ground\UnscaledAccRecord893554_1001_1100_RSN1005.png,dataset_rgb\test\sensor\UnscaledAccRecord893554_1001_1100_RSN1005.png,dataset_rgb\test\mask\UnscaledAccRecord893554_1001_1100_RSN1005.png,dataset_rgb\test\target\UnscaledAccRecord893554_1001_1100_RSN1005.png
test,UnscaledAccRecord893554_1001_1100_RSN1023,dataset_rgb\test\ground\UnscaledAccRecord893554_1001_1100_RSN1023.png,dataset_rgb\test\sensor\UnscaledAccRecord893554_1001_1100_RSN1023.png,dataset_rgb\test\mask\UnscaledAccRecord893554_1001_1100_RSN1023.png,dataset_rgb\test\target\UnscaledAccRecord893554_1001_1100_RSN1023.png
test,UnscaledAccRecord893554_1001_1100_RSN1043,dataset_rgb\test\ground\UnscaledAccRecord893554_1001_1100_RSN1043.png,dataset_rgb\test\sensor\UnscaledAccRecord893554_1001_1100_RSN1043.png,dataset_rgb\test\mask\UnscaledAccRecord893554_1001_1100_RSN1043.png,dataset_rgb\test\target\UnscaledAccRecord893554_1001_1100_RSN1043.png
test,UnscaledAccRecord893554_1001_1100_RSN1063,dataset_rgb\test\ground\UnscaledAccRecord893554_1001_1100_RSN1063.png,dataset_rgb\test\sensor\UnscaledAccRecord893554_1001_1100_RSN1063.png,dataset_rgb\test\mask\UnscaledAccRecord893554_1001_1100_RSN1063.png,dataset_rgb\test\target\UnscaledAccRecord893554_1001_1100_RSN1063.png
test,UnscaledAccRecord893554_1001_1100_RSN1067,dataset_rgb\test\ground\UnscaledAccRecord893554_1001_1100_RSN1067.png,dataset_rgb\test\sensor\UnscaledAccRecord893554_1001_1100_RSN1067.png,dataset_rgb\test\mask\UnscaledAccRecord893554_1001_1100_RSN1067.png,dataset_rgb\test\target\UnscaledAccRecord893554_1001_1100_RSN1067.png
test,UnscaledAccRecord893554_1001_1100_RSN1070,dataset_rgb\test\ground\UnscaledAccRecord893554_1001_1100_RSN1070.png,dataset_rgb\test\sensor\UnscaledAccRecord893554_1001_1100_RSN1070.png,dataset_rgb\test\mask\UnscaledAccRecord893554_1001_1100_RSN1070.png,dataset_rgb\test\target\UnscaledAccRecord893554_1001_1100_RSN1070.png
test,UnscaledAccRecord893554_1001_1100_RSN1071,dataset_rgb\test\ground\UnscaledAccRecord893554_1001_1100_RSN1071.png,dataset_rgb\test\sensor\UnscaledAccRecord893554_1001_1100_RSN1071.png,dataset_rgb\test\mask\UnscaledAccRecord893554_1001_1100_RSN1071.png,dataset_rgb\test\target\UnscaledAccRecord893554_1001_1100_RSN1071.png
test,UnscaledAccRecord893554_1001_1100_RSN1092,dataset_rgb\test\ground\UnscaledAccRecord893554_1001_1100_RSN1092.png,dataset_rgb\test\sensor\UnscaledAccRecord893554_1001_1100_RSN1092.png,dataset_rgb\test\mask\UnscaledAccRecord893554_1001_1100_RSN1092.png,dataset_rgb\test\target\UnscaledAccRecord893554_1001_1100_RSN1092.png
test,UnscaledAccRecord893554_1001_1100_RSN1093,dataset_rgb\test\ground\UnscaledAccRecord893554_1001_1100_RSN1093.png,dataset_rgb\test\sensor\UnscaledAccRecord893554_1001_1100_RSN1093.png,dataset_rgb\test\mask\UnscaledAccRecord893554_1001_1100_RSN1093.png,dataset_rgb\test\target\UnscaledAccRecord893554_1001_1100_RSN1093.png
test,UnscaledAccRecord893554_1001_1100_RSN1097,dataset_rgb\test\ground\UnscaledAccRecord893554_1001_1100_RSN1097.png,dataset_rgb\test\sensor\UnscaledAccRecord893554_1001_1100_RSN1097.png,dataset_rgb\test\mask\UnscaledAccRecord893554_1001_1100_RSN1097.png,dataset_rgb\test\target\UnscaledAccRecord893554_1001_1100_RSN1097.png
test,UnscaledAccRecord893554_102_204_RSN102,dataset_rgb\test\ground\UnscaledAccRecord893554_102_204_RSN102.png,dataset_rgb\test\sensor\UnscaledAccRecord893554_102_204_RSN102.png,dataset_rgb\test\mask\UnscaledAccRecord893554_102_204_RSN102.png,dataset_rgb\test\target\UnscaledAccRecord893554_102_204_RSN102.png
test,UnscaledAccRecord893554_102_204_RSN103,dataset_rgb\test\ground\UnscaledAccRecord893554_102_204_RSN103.png,dataset_rgb\test\sensor\UnscaledAccRecord893554_102_204_RSN103.png,dataset_rgb\test\mask\UnscaledAccRecord893554_102_204_RSN103.png,dataset_rgb\test\target\UnscaledAccRecord893554_102_204_RSN103.png
test,UnscaledAccRecord893554_102_204_RSN118,dataset_rgb\test\ground\UnscaledAccRecord893554_102_204_RSN118.png,dataset_rgb\test\sensor\UnscaledAccRecord893554_102_204_RSN118.png,dataset_rgb\test\mask\UnscaledAccRecord893554_102_204_RSN118.png,dataset_rgb\test\target\UnscaledAccRecord893554_102_204_RSN118.png
test,UnscaledAccRecord893554_102_204_RSN125,dataset_rgb\test\ground\UnscaledAccRecord893554_102_204_RSN125.png,dataset_rgb\test\sensor\UnscaledAccRecord893554_102_204_RSN125.png,dataset_rgb\test\mask\UnscaledAccRecord893554_102_204_RSN125.png,dataset_rgb\test\target\UnscaledAccRecord893554_102_204_RSN125.png
test,UnscaledAccRecord893554_102_204_RSN131,dataset_rgb\test\ground\UnscaledAccRecord893554_102_204_RSN131.png,dataset_rgb\test\sensor\UnscaledAccRecord893554_102_204_RSN131.png,dataset_rgb\test\mask\UnscaledAccRecord893554_102_204_RSN131.png,dataset_rgb\test\target\UnscaledAccRecord893554_102_204_RSN131.png
test,UnscaledAccRecord893554_102_204_RSN134,dataset_rgb\test\ground\UnscaledAccRecord893554_102_204_RSN134.png,dataset_rgb\test\sensor\UnscaledAccRecord893554_102_204_RSN134.png,dataset_rgb\test\mask\UnscaledAccRecord893554_102_204_RSN134.png,dataset_rgb\test\target\UnscaledAccRecord893554_102_204_RSN134.png
test,UnscaledAccRecord893554_102_204_RSN136,dataset_rgb\test\ground\UnscaledAccRecord893554_102_204_RSN136.png,dataset_rgb\test\sensor\UnscaledAccRecord893554_102_204_RSN136.png,dataset_rgb\test\mask\UnscaledAccRecord893554_102_204_RSN136.png,dataset_rgb\test\target\UnscaledAccRecord893554_102_204_RSN136.png
test,UnscaledAccRecord893554_102_204_RSN139,dataset_rgb\test\ground\UnscaledAccRecord893554_102_204_RSN139.png,dataset_rgb\test\sensor\UnscaledAccRecord893554_102_204_RSN139.png,dataset_rgb\test\mask\UnscaledAccRecord893554_102_204_RSN139.png,dataset_rgb\test\target\UnscaledAccRecord893554_102_204_RSN139.png
test,UnscaledAccRecord893554_102_204_RSN143,dataset_rgb\test\ground\UnscaledAccRecord893554_102_204_RSN143.png,dataset_rgb\test\sensor\UnscaledAccRecord893554_102_204_RSN143.png,dataset_rgb\test\mask\UnscaledAccRecord893554_102_204_RSN143.png,dataset_rgb\test\target\UnscaledAccRecord893554_102_204_RSN143.png
test,UnscaledAccRecord893554_102_204_RSN160,dataset_rgb\test\ground\UnscaledAccRecord893554_102_204_RSN160.png,dataset_rgb\test\sensor\UnscaledAccRecord893554_102_204_RSN160.png,dataset_rgb\test\mask\UnscaledAccRecord893554_102_204_RSN160.png,dataset_rgb\test\target\UnscaledAccRecord893554_102_204_RSN160.png
test,UnscaledAccRecord893554_102_204_RSN183,dataset_rgb\test\ground\UnscaledAccRecord893554_102_204_RSN183.png,dataset_rgb\test\sensor\UnscaledAccRecord893554_102_204_RSN183.png,dataset_rgb\test\mask\UnscaledAccRecord893554_102_204_RSN183.png,dataset_rgb\test\target\UnscaledAccRecord893554_102_204_RSN183.png
test,UnscaledAccRecord893554_1201_1305_RSN1211,dataset_rgb\test\ground\UnscaledAccRecord893554_1201_1305_RSN1211.png,dataset_rgb\test\sensor\UnscaledAccRecord893554_1201_1305_RSN1211.png,dataset_rgb\test\mask\UnscaledAccRecord893554_1201_1305_RSN1211.png,dataset_rgb\test\target\UnscaledAccRecord893554_1201_1305_RSN1211.png
test,UnscaledAccRecord893554_1201_1305_RSN1212,dataset_rgb\test\ground\UnscaledAccRecord893554_1201_1305_RSN1212.png,dataset_rgb\test\sensor\UnscaledAccRecord893554_1201_1305_RSN1212.png,dataset_rgb\test\mask\UnscaledAccRecord893554_1201_1305_RSN1212.png,dataset_rgb\test\target\UnscaledAccRecord893554_1201_1305_RSN1212.png
test,UnscaledAccRecord893554_1201_1305_RSN1215,dataset_rgb\test\ground\UnscaledAccRecord893554_1201_1305_RSN1215.png,dataset_rgb\test\sensor\UnscaledAccRecord893554_1201_1305_RSN1215.png,dataset_rgb\test\mask\UnscaledAccRecord893554_1201_1305_RSN1215.png,dataset_rgb\test\target\UnscaledAccRecord893554_1201_1305_RSN1215.png
test,UnscaledAccRecord893554_1201_1305_RSN1229,dataset_rgb\test\ground\UnscaledAccRecord893554_1201_1305_RSN1229.png,dataset_rgb\test\sensor\UnscaledAccRecord893554_1201_1305_RSN1229.png,dataset_rgb\test\mask\UnscaledAccRecord893554_1201_1305_RSN1229.png,dataset_rgb\test\target\UnscaledAccRecord893554_1201_1305_RSN1229.png
test,UnscaledAccRecord893554_1201_1305_RSN1238,dataset_rgb\test\ground\UnscaledAccRecord893554_1201_1305_RSN1238.png,dataset_rgb\test\sensor\UnscaledAccRecord893554_1201_1305_RSN1238.png,dataset_rgb\test\mask\UnscaledAccRecord893554_1201_1305_RSN1238.png,dataset_rgb\test\target\UnscaledAccRecord893554_1201_1305_RSN1238.png
test,UnscaledAccRecord893554_1201_1305_RSN1240,dataset_rgb\test\ground\UnscaledAccRecord893554_1201_1305_RSN1240.png,dataset_rgb\test\sensor\UnscaledAccRecord893554_1201_1305_RSN1240.png,dataset_rgb\test\mask\UnscaledAccRecord893554_1201_1305_RSN1240.png,dataset_rgb\test\target\UnscaledAccRecord893554_1201_1305_RSN1240.png
test,UnscaledAccRecord893554_1201_1305_RSN1266,dataset_rgb\test\ground\UnscaledAccRecord893554_1201_1305_RSN1266.png,dataset_rgb\test\sensor\UnscaledAccRecord893554_1201_1305_RSN1266.png,dataset_rgb\test\mask\UnscaledAccRecord893554_1201_1305_RSN1266.png,dataset_rgb\test\target\UnscaledAccRecord893554_1201_1305_RSN1266.png
test,UnscaledAccRecord893554_1201_1305_RSN1287,dataset_rgb\test\ground\UnscaledAccRecord893554_1201_1305_RSN1287.png,dataset_rgb\test\sensor\UnscaledAccRecord893554_1201_1305_RSN1287.png,dataset_rgb\test\mask\UnscaledAccRecord893554_1201_1305_RSN1287.png,dataset_rgb\test\target\UnscaledAccRecord893554_1201_1305_RSN1287.png
test,UnscaledAccRecord893554_1201_1305_RSN1295,dataset_rgb\test\ground\UnscaledAccRecord893554_1201_1305_RSN1295.png,dataset_rgb\test\sensor\UnscaledAccRecord893554_1201_1305_RSN1295.png,dataset_rgb\test\mask\UnscaledAccRecord893554_1201_1305_RSN1295.png,dataset_rgb\test\target\UnscaledAccRecord893554_1201_1305_RSN1295.png
test,UnscaledAccRecord893554_1201_1305_RSN1297,dataset_rgb\test\ground\UnscaledAccRecord893554_1201_1305_RSN1297.png,dataset_rgb\test\sensor\UnscaledAccRecord893554_1201_1305_RSN1297.png,dataset_rgb\test\mask\UnscaledAccRecord893554_1201_1305_RSN1297.png,dataset_rgb\test\target\UnscaledAccRecord893554_1201_1305_RSN1297.png
test,UnscaledAccRecord893554_1501_1607_RSN1502,dataset_rgb\test\ground\UnscaledAccRecord893554_1501_1607_RSN1502.png,dataset_rgb\test\sensor\UnscaledAccRecord893554_1501_1607_RSN1502.png,dataset_rgb\test\mask\UnscaledAccRecord893554_1501_1607_RSN1502.png,dataset_rgb\test\target\UnscaledAccRecord893554_1501_1607_RSN1502.png
test,UnscaledAccRecord893554_1501_1607_RSN1524,dataset_rgb\test\ground\UnscaledAccRecord893554_1501_1607_RSN1524.png,dataset_rgb\test\sensor\UnscaledAccRecord893554_1501_1607_RSN1524.png,dataset_rgb\test\mask\UnscaledAccRecord893554_1501_1607_RSN1524.png,dataset_rgb\test\target\UnscaledAccRecord893554_1501_1607_RSN1524.png
test,UnscaledAccRecord893554_1501_1607_RSN1526,dataset_rgb\test\ground\UnscaledAccRecord893554_1501_1607_RSN1526.png,dataset_rgb\test\sensor\UnscaledAccRecord893554_1501_1607_RSN1526.png,dataset_rgb\test\mask\UnscaledAccRecord893554_1501_1607_RSN1526.png,dataset_rgb\test\target\UnscaledAccRecord893554_1501_1607_RSN1526.png
test,UnscaledAccRecord893554_1501_1607_RSN1528,dataset_rgb\test\ground\UnscaledAccRecord893554_1501_1607_RSN1528.png,dataset_rgb\test\sensor\UnscaledAccRecord893554_1501_1607_RSN1528.png,dataset_rgb\test\mask\UnscaledAccRecord893554_1501_1607_RSN1528.png,dataset_rgb\test\target\UnscaledAccRecord893554_1501_1607_RSN1528.png
test,UnscaledAccRecord893554_1501_1607_RSN1529,dataset_rgb\test\ground\UnscaledAccRecord893554_1501_1607_RSN1529.png,dataset_rgb\test\sensor\UnscaledAccRecord893554_1501_1607_RSN1529.png,dataset_rgb\test\mask\UnscaledAccRecord893554_1501_1607_RSN1529.png,dataset_rgb\test\target\UnscaledAccRecord893554_1501_1607_RSN1529.png
test,UnscaledAccRecord893554_1501_1607_RSN1549,dataset_rgb\test\ground\UnscaledAccRecord893554_1501_1607_RSN1549.png,dataset_rgb\test\sensor\UnscaledAccRecord893554_1501_1607_RSN1549.png,dataset_rgb\test\mask\UnscaledAccRecord893554_1501_1607_RSN1549.png,dataset_rgb\test\target\UnscaledAccRecord893554_1501_1607_RSN1549.png
test,UnscaledAccRecord893554_1501_1607_RSN1558,dataset_rgb\test\ground\UnscaledAccRecord893554_1501_1607_RSN1558.png,dataset_rgb\test\sensor\UnscaledAccRecord893554_1501_1607_RSN1558.png,dataset_rgb\test\mask\UnscaledAccRecord893554_1501_1607_RSN1558.png,dataset_rgb\test\target\UnscaledAccRecord893554_1501_1607_RSN1558.png
test,UnscaledAccRecord893554_1501_1607_RSN1574,dataset_rgb\test\ground\UnscaledAccRecord893554_1501_1607_RSN1574.png,dataset_rgb\test\sensor\UnscaledAccRecord893554_1501_1607_RSN1574.png,dataset_rgb\test\mask\UnscaledAccRecord893554_1501_1607_RSN1574.png,dataset_rgb\test\target\UnscaledAccRecord893554_1501_1607_RSN1574.png
test,UnscaledAccRecord893554_1501_1607_RSN1582,dataset_rgb\test\ground\UnscaledAccRecord893554_1501_1607_RSN1582.png,dataset_rgb\test\sensor\UnscaledAccRecord893554_1501_1607_RSN1582.png,dataset_rgb\test\mask\UnscaledAccRecord893554_1501_1607_RSN1582.png,dataset_rgb\test\target\UnscaledAccRecord893554_1501_1607_RSN1582.png
test,UnscaledAccRecord893554_1501_1607_RSN1588,dataset_rgb\test\ground\UnscaledAccRecord893554_1501_1607_RSN1588.png,dataset_rgb\test\sensor\UnscaledAccRecord893554_1501_1607_RSN1588.png,dataset_rgb\test\mask\UnscaledAccRecord893554_1501_1607_RSN1588.png,dataset_rgb\test\target\UnscaledAccRecord893554_1501_1607_RSN1588.png
test,UnscaledAccRecord893554_1501_1607_RSN1603,dataset_rgb\test\ground\UnscaledAccRecord893554_1501_1607_RSN1603.png,dataset_rgb\test\sensor\UnscaledAccRecord893554_1501_1607_RSN1603.png,dataset_rgb\test\mask\UnscaledAccRecord893554_1501_1607_RSN1603.png,dataset_rgb\test\target\UnscaledAccRecord893554_1501_1607_RSN1603.png
test,UnscaledAccRecord893554_1901_2007_RSN1901,dataset_rgb\test\ground\UnscaledAccRecord893554_1901_2007_RSN1901.png,dataset_rgb\test\sensor\UnscaledAccRecord893554_1901_2007_RSN1901.png,dataset_rgb\test\mask\UnscaledAccRecord893554_1901_2007_RSN1901.png,dataset_rgb\test\target\UnscaledAccRecord893554_1901_2007_RSN1901.png
test,UnscaledAccRecord893554_1901_2007_RSN1902,dataset_rgb\test\ground\UnscaledAccRecord893554_1901_2007_RSN1902.png,dataset_rgb\test\sensor\UnscaledAccRecord893554_1901_2007_RSN1902.png,dataset_rgb\test\mask\UnscaledAccRecord893554_1901_2007_RSN1902.png,dataset_rgb\test\target\UnscaledAccRecord893554_1901_2007_RSN1902.png
test,UnscaledAccRecord893554_1901_2007_RSN1943,dataset_rgb\test\ground\UnscaledAccRecord893554_1901_2007_RSN1943.png,dataset_rgb\test\sensor\UnscaledAccRecord893554_1901_2007_RSN1943.png,dataset_rgb\test\mask\UnscaledAccRecord893554_1901_2007_RSN1943.png,dataset_rgb\test\target\UnscaledAccRecord893554_1901_2007_RSN1943.png
test,UnscaledAccRecord893554_1901_2007_RSN1949,dataset_rgb\test\ground\UnscaledAccRecord893554_1901_2007_RSN1949.png,dataset_rgb\test\sensor\UnscaledAccRecord893554_1901_2007_RSN1949.png,dataset_rgb\test\mask\UnscaledAccRecord893554_1901_2007_RSN1949.png,dataset_rgb\test\target\UnscaledAccRecord893554_1901_2007_RSN1949.png
test,UnscaledAccRecord893554_1901_2007_RSN1959,dataset_rgb\test\ground\UnscaledAccRecord893554_1901_2007_RSN1959.png,dataset_rgb\test\sensor\UnscaledAccRecord893554_1901_2007_RSN1959.png,dataset_rgb\test\mask\UnscaledAccRecord893554_1901_2007_RSN1959.png,dataset_rgb\test\target\UnscaledAccRecord893554_1901_2007_RSN1959.png
test,UnscaledAccRecord893554_1901_2007_RSN1971,dataset_rgb\test\ground\UnscaledAccRecord893554_1901_2007_RSN1971.png,dataset_rgb\test\sensor\UnscaledAccRecord893554_1901_2007_RSN1971.png,dataset_rgb\test\mask\UnscaledAccRecord893554_1901_2007_RSN1971.png,dataset_rgb\test\target\UnscaledAccRecord893554_1901_2007_RSN1971.png
test,UnscaledAccRecord893554_1901_2007_RSN1976,dataset_rgb\test\ground\UnscaledAccRecord893554_1901_2007_RSN1976.png,dataset_rgb\test\sensor\UnscaledAccRecord893554_1901_2007_RSN1976.png,dataset_rgb\test\mask\UnscaledAccRecord893554_1901_2007_RSN1976.png,dataset_rgb\test\target\UnscaledAccRecord893554_1901_2007_RSN1976.png
test,UnscaledAccRecord893554_1_101_RSN14,dataset_rgb\test\ground\UnscaledAccRecord893554_1_101_RSN14.png,dataset_rgb\test\sensor\UnscaledAccRecord893554_1_101_RSN14.png,dataset_rgb\test\mask\UnscaledAccRecord893554_1_101_RSN14.png,dataset_rgb\test\target\UnscaledAccRecord893554_1_101_RSN14.png
test,UnscaledAccRecord893554_1_101_RSN36,dataset_rgb\test\ground\UnscaledAccRecord893554_1_101_RSN36.png,dataset_rgb\test\sensor\UnscaledAccRecord893554_1_101_RSN36.png,dataset_rgb\test\mask\UnscaledAccRecord893554_1_101_RSN36.png,dataset_rgb\test\target\UnscaledAccRecord893554_1_101_RSN36.png
test,UnscaledAccRecord893554_1_101_RSN39,dataset_rgb\test\ground\UnscaledAccRecord893554_1_101_RSN39.png,dataset_rgb\test\sensor\UnscaledAccRecord893554_1_101_RSN39.png,dataset_rgb\test\mask\UnscaledAccRecord893554_1_101_RSN39.png,dataset_rgb\test\target\UnscaledAccRecord893554_1_101_RSN39.png
test,UnscaledAccRecord893554_1_101_RSN40,dataset_rgb\test\ground\UnscaledAccRecord893554_1_101_RSN40.png,dataset_rgb\test\sensor\UnscaledAccRecord893554_1_101_RSN40.png,dataset_rgb\test\mask\UnscaledAccRecord893554_1_101_RSN40.png,dataset_rgb\test\target\UnscaledAccRecord893554_1_101_RSN40.png
test,UnscaledAccRecord893554_1_101_RSN62,dataset_rgb\test\ground\UnscaledAccRecord893554_1_101_RSN62.png,dataset_rgb\test\sensor\UnscaledAccRecord893554_1_101_RSN62.png,dataset_rgb\test\mask\UnscaledAccRecord893554_1_101_RSN62.png,dataset_rgb\test\target\UnscaledAccRecord893554_1_101_RSN62.png
test,UnscaledAccRecord893554_1_101_RSN87,dataset_rgb\test\ground\UnscaledAccRecord893554_1_101_RSN87.png,dataset_rgb\test\sensor\UnscaledAccRecord893554_1_101_RSN87.png,dataset_rgb\test\mask\UnscaledAccRecord893554_1_101_RSN87.png,dataset_rgb\test\target\UnscaledAccRecord893554_1_101_RSN87.png
test,UnscaledAccRecord893554_1_101_RSN88,dataset_rgb\test\ground\UnscaledAccRecord893554_1_101_RSN88.png,dataset_rgb\test\sensor\UnscaledAccRecord893554_1_101_RSN88.png,dataset_rgb\test\mask\UnscaledAccRecord893554_1_101_RSN88.png,dataset_rgb\test\target\UnscaledAccRecord893554_1_101_RSN88.png
test,UnscaledAccRecord893554_1_101_RSN91,dataset_rgb\test\ground\UnscaledAccRecord893554_1_101_RSN91.png,dataset_rgb\test\sensor\UnscaledAccRecord893554_1_101_RSN91.png,dataset_rgb\test\mask\UnscaledAccRecord893554_1_101_RSN91.png,dataset_rgb\test\target\UnscaledAccRecord893554_1_101_RSN91.png
test,UnscaledAccRecord893554_1_101_RSN97,dataset_rgb\test\ground\UnscaledAccRecord893554_1_101_RSN97.png,dataset_rgb\test\sensor\UnscaledAccRecord893554_1_101_RSN97.png,dataset_rgb\test\mask\UnscaledAccRecord893554_1_101_RSN97.png,dataset_rgb\test\target\UnscaledAccRecord893554_1_101_RSN97.png
test,UnscaledAccRecord893554_2901_3007_RSN2916,dataset_rgb\test\ground\UnscaledAccRecord893554_2901_3007_RSN2916.png,dataset_rgb\test\sensor\UnscaledAccRecord893554_2901_3007_RSN2916.png,dataset_rgb\test\mask\UnscaledAccRecord893554_2901_3007_RSN2916.png,dataset_rgb\test\target\UnscaledAccRecord893554_2901_3007_RSN2916.png
test,UnscaledAccRecord893554_2901_3007_RSN2919,dataset_rgb\test\ground\UnscaledAccRecord893554_2901_3007_RSN2919.png,dataset_rgb\test\sensor\UnscaledAccRecord893554_2901_3007_RSN2919.png,dataset_rgb\test\mask\UnscaledAccRecord893554_2901_3007_RSN2919.png,dataset_rgb\test\target\UnscaledAccRecord893554_2901_3007_RSN2919.png
test,UnscaledAccRecord893554_2901_3007_RSN2935,dataset_rgb\test\ground\UnscaledAccRecord893554_2901_3007_RSN2935.png,dataset_rgb\test\sensor\UnscaledAccRecord893554_2901_3007_RSN2935.png,dataset_rgb\test\mask\UnscaledAccRecord893554_2901_3007_RSN2935.png,dataset_rgb\test\target\UnscaledAccRecord893554_2901_3007_RSN2935.png
test,UnscaledAccRecord893554_2901_3007_RSN2973,dataset_rgb\test\ground\UnscaledAccRecord893554_2901_3007_RSN2973.png,dataset_rgb\test\sensor\UnscaledAccRecord893554_2901_3007_RSN2973.png,dataset_rgb\test\mask\UnscaledAccRecord893554_2901_3007_RSN2973.png,dataset_rgb\test\target\UnscaledAccRecord893554_2901_3007_RSN2973.png
test,UnscaledAccRecord893554_2901_3007_RSN2984,dataset_rgb\test\ground\UnscaledAccRecord893554_2901_3007_RSN2984.png,dataset_rgb\test\sensor\UnscaledAccRecord893554_2901_3007_RSN2984.png,dataset_rgb\test\mask\UnscaledAccRecord893554_2901_3007_RSN2984.png,dataset_rgb\test\target\UnscaledAccRecord893554_2901_3007_RSN2984.png
test,UnscaledAccRecord893554_2901_3007_RSN2991,dataset_rgb\test\ground\UnscaledAccRecord893554_2901_3007_RSN2991.png,dataset_rgb\test\sensor\UnscaledAccRecord893554_2901_3007_RSN2991.png,dataset_rgb\test\mask\UnscaledAccRecord893554_2901_3007_RSN2991.png,dataset_rgb\test\target\UnscaledAccRecord893554_2901_3007_RSN2991.png
test,UnscaledAccRecord893554_2901_3007_RSN3003,dataset_rgb\test\ground\UnscaledAccRecord893554_2901_3007_RSN3003.png,dataset_rgb\test\sensor\UnscaledAccRecord893554_2901_3007_RSN3003.png,dataset_rgb\test\mask\UnscaledAccRecord893554_2901_3007_RSN3003.png,dataset_rgb\test\target\UnscaledAccRecord893554_2901_3007_RSN3003.png
test,UnscaledAccRecord893554_4901_5008_RSN4902,dataset_rgb\test\ground\UnscaledAccRecord893554_4901_5008_RSN4902.png,dataset_rgb\test\sensor\UnscaledAccRecord893554_4901_5008_RSN4902.png,dataset_rgb\test\mask\UnscaledAccRecord893554_4901_5008_RSN4902.png,dataset_rgb\test\target\UnscaledAccRecord893554_4901_5008_RSN4902.png
test,UnscaledAccRecord893554_4901_5008_RSN4931,dataset_rgb\test\ground\UnscaledAccRecord893554_4901_5008_RSN4931.png,dataset_rgb\test\sensor\UnscaledAccRecord893554_4901_5008_RSN4931.png,dataset_rgb\test\mask\UnscaledAccRecord893554_4901_5008_RSN4931.png,dataset_rgb\test\target\UnscaledAccRecord893554_4901_5008_RSN4931.png
test,UnscaledAccRecord893554_4901_5008_RSN4932,dataset_rgb\test\ground\UnscaledAccRecord893554_4901_5008_RSN4932.png,dataset_rgb\test\sensor\UnscaledAccRecord893554_4901_5008_RSN4932.png,dataset_rgb\test\mask\UnscaledAccRecord893554_4901_5008_RSN4932.png,dataset_rgb\test\target\UnscaledAccRecord893554_4901_5008_RSN4932.png
test,UnscaledAccRecord893554_4901_5008_RSN4934,dataset_rgb\test\ground\UnscaledAccRecord893554_4901_5008_RSN4934.png,dataset_rgb\test\sensor\UnscaledAccRecord893554_4901_5008_RSN4934.png,dataset_rgb\test\mask\UnscaledAccRecord893554_4901_5008_RSN4934.png,dataset_rgb\test\target\UnscaledAccRecord893554_4901_5008_RSN4934.png
test,UnscaledAccRecord893554_4901_5008_RSN4937,dataset_rgb\test\ground\UnscaledAccRecord893554_4901_5008_RSN4937.png,dataset_rgb\test\sensor\UnscaledAccRecord893554_4901_5008_RSN4937.png,dataset_rgb\test\mask\UnscaledAccRecord893554_4901_5008_RSN4937.png,dataset_rgb\test\target\UnscaledAccRecord893554_4901_5008_RSN4937.png
test,UnscaledAccRecord893554_4901_5008_RSN4948,dataset_rgb\test\ground\UnscaledAccRecord893554_4901_5008_RSN4948.png,dataset_rgb\test\sensor\UnscaledAccRecord893554_4901_5008_RSN4948.png,dataset_rgb\test\mask\UnscaledAccRecord893554_4901_5008_RSN4948.png,dataset_rgb\test\target\UnscaledAccRecord893554_4901_5008_RSN4948.png
test,UnscaledAccRecord893554_4901_5008_RSN4952,dataset_rgb\test\ground\UnscaledAccRecord893554_4901_5008_RSN4952.png,dataset_rgb\test\sensor\UnscaledAccRecord893554_4901_5008_RSN4952.png,dataset_rgb\test\mask\UnscaledAccRecord893554_4901_5008_RSN4952.png,dataset_rgb\test\target\UnscaledAccRecord893554_4901_5008_RSN4952.png
test,UnscaledAccRecord893554_4901_5008_RSN4957,dataset_rgb\test\ground\UnscaledAccRecord893554_4901_5008_RSN4957.png,dataset_rgb\test\sensor\UnscaledAccRecord893554_4901_5008_RSN4957.png,dataset_rgb\test\mask\UnscaledAccRecord893554_4901_5008_RSN4957.png,dataset_rgb\test\target\UnscaledAccRecord893554_4901_5008_RSN4957.png
test,UnscaledAccRecord893554_4901_5008_RSN4963,dataset_rgb\test\ground\UnscaledAccRecord893554_4901_5008_RSN4963.png,dataset_rgb\test\sensor\UnscaledAccRecord893554_4901_5008_RSN4963.png,dataset_rgb\test\mask\UnscaledAccRecord893554_4901_5008_RSN4963.png,dataset_rgb\test\target\UnscaledAccRecord893554_4901_5008_RSN4963.png
test,UnscaledAccRecord893554_4901_5008_RSN4987,dataset_rgb\test\ground\UnscaledAccRecord893554_4901_5008_RSN4987.png,dataset_rgb\test\sensor\UnscaledAccRecord893554_4901_5008_RSN4987.png,dataset_rgb\test\mask\UnscaledAccRecord893554_4901_5008_RSN4987.png,dataset_rgb\test\target\UnscaledAccRecord893554_4901_5008_RSN4987.png
test,UnscaledAccRecord893554_4901_5008_RSN4999,dataset_rgb\test\ground\UnscaledAccRecord893554_4901_5008_RSN4999.png,dataset_rgb\test\sensor\UnscaledAccRecord893554_4901_5008_RSN4999.png,dataset_rgb\test\mask\UnscaledAccRecord893554_4901_5008_RSN4999.png,dataset_rgb\test\target\UnscaledAccRecord893554_4901_5008_RSN4999.png
test,UnscaledAccRecord893554_4901_5008_RSN5003,dataset_rgb\test\ground\UnscaledAccRecord893554_4901_5008_RSN5003.png,dataset_rgb\test\sensor\UnscaledAccRecord893554_4901_5008_RSN5003.png,dataset_rgb\test\mask\UnscaledAccRecord893554_4901_5008_RSN5003.png,dataset_rgb\test\target\UnscaledAccRecord893554_4901_5008_RSN5003.png
